Date,Adj Close,Ticker
2022-05-23,142.26052856445312,AAPL
2022-05-24,139.52685546875,AAPL
2022-05-25,139.6859130859375,AAPL
2022-05-26,142.9265594482422,AAPL
2022-05-27,148.75177001953125,AAPL
2022-05-31,147.95651245117188,AAPL
2022-06-01,147.82728576660156,AAPL
2022-06-02,150.3124542236328,AAPL
2022-06-03,144.51705932617188,AAPL
2022-06-06,145.2725372314453,AAPL
2022-06-07,147.82728576660156,AAPL
2022-06-08,147.0817413330078,AAPL
2022-06-09,141.79331970214844,AAPL
2022-06-10,136.3160400390625,AAPL
2022-06-13,131.09719848632812,AAPL
2022-06-14,131.97195434570312,AAPL
2022-06-15,134.6260986328125,AAPL
2022-06-16,129.28799438476562,AAPL
2022-06-17,130.7790985107422,AAPL
2022-06-21,135.06350708007812,AAPL
2022-06-22,134.54660034179688,AAPL
2022-06-23,137.4492645263672,AAPL
2022-06-24,140.8191375732422,AAPL
2022-06-27,140.8191375732422,AAPL
2022-06-28,136.6241912841797,AAPL
2022-06-29,138.403564453125,AAPL
2022-06-30,135.90847778320312,AAPL
2022-07-01,138.1053466796875,AAPL
2022-07-05,140.71974182128906,AAPL
2022-07-06,142.0716552734375,AAPL
2022-07-07,145.48130798339844,AAPL
2022-07-08,146.1671905517578,AAPL
2022-07-11,144.01007080078125,AAPL
2022-07-12,144.99420166015625,AAPL
2022-07-13,144.62640380859375,AAPL
2022-07-14,147.58871459960938,AAPL
2022-07-15,149.27862548828125,AAPL
2022-07-18,146.19703674316406,AAPL
2022-07-19,150.10369873046875,AAPL
2022-07-20,152.13157653808594,AAPL
2022-07-21,154.42787170410156,AAPL
2022-07-22,153.17535400390625,AAPL
2022-07-25,152.04209899902344,AAPL
2022-07-26,150.7001495361328,AAPL
2022-07-27,155.8593292236328,AAPL
2022-07-28,156.416015625,AAPL
2022-07-29,161.5453643798828,AAPL
2022-08-01,160.5513153076172,AAPL
2022-08-02,159.06019592285156,AAPL
2022-08-03,165.14389038085938,AAPL
2022-08-04,164.82577514648438,AAPL
2022-08-05,164.59683227539062,AAPL
2022-08-08,164.1190185546875,AAPL
2022-08-09,164.16879272460938,AAPL
2022-08-10,168.46913146972656,AAPL
2022-08-11,167.7225341796875,AAPL
2022-08-12,171.31610107421875,AAPL
2022-08-15,172.401123046875,AAPL
2022-08-16,172.24185180664062,AAPL
2022-08-17,173.7549285888672,AAPL
2022-08-18,173.3567352294922,AAPL
2022-08-19,170.7387237548828,AAPL
2022-08-22,166.80673217773438,AAPL
2022-08-23,166.46827697753906,AAPL
2022-08-24,166.76690673828125,AAPL
2022-08-25,169.25550842285156,AAPL
2022-08-26,162.8747100830078,AAPL
2022-08-29,160.64491271972656,AAPL
2022-08-30,158.18617248535156,AAPL
2022-08-31,156.50387573242188,AAPL
2022-09-01,157.24049377441406,AAPL
2022-09-02,155.10028076171875,AAPL
2022-09-06,153.82611083984375,AAPL
2022-09-07,155.24960327148438,AAPL
2022-09-08,153.75645446777344,AAPL
2022-09-09,156.65316772460938,AAPL
2022-09-12,162.68557739257812,AAPL
2022-09-13,153.13925170898438,AAPL
2022-09-14,154.60256958007812,AAPL
2022-09-15,151.6759490966797,AAPL
2022-09-16,150.0135498046875,AAPL
2022-09-19,153.77635192871094,AAPL
2022-09-20,156.18531799316406,AAPL
2022-09-21,153.01980590820312,AAPL
2022-09-22,152.0442657470703,AAPL
2022-09-23,149.7447967529297,AAPL
2022-09-26,150.083251953125,AAPL
2022-09-27,151.0687255859375,AAPL
2022-09-28,149.15748596191406,AAPL
2022-09-29,141.83099365234375,AAPL
2022-09-30,137.57049560546875,AAPL
2022-10-03,141.8011474609375,AAPL
2022-10-04,145.4345245361328,AAPL
2022-10-05,145.73313903808594,AAPL
2022-10-06,144.76756286621094,AAPL
2022-10-07,139.45188903808594,AAPL
2022-10-10,139.7803955078125,AAPL
2022-10-11,138.34695434570312,AAPL
2022-10-12,137.70985412597656,AAPL
2022-10-13,142.33868408203125,AAPL
2022-10-14,137.7496795654297,AAPL
2022-10-17,141.76133728027344,AAPL
2022-10-18,143.09523010253906,AAPL
2022-10-19,143.20472717285156,AAPL
2022-10-20,142.7368621826172,AAPL
2022-10-21,146.5991973876953,AAPL
2022-10-24,148.76925659179688,AAPL
2022-10-25,151.64610290527344,AAPL
2022-10-26,148.6697235107422,AAPL
2022-10-27,144.14044189453125,AAPL
2022-10-28,155.03060913085938,AAPL
2022-10-31,152.6415252685547,AAPL
2022-11-01,149.9637908935547,AAPL
2022-11-02,144.369384765625,AAPL
2022-11-03,138.24740600585938,AAPL
2022-11-04,137.9781951904297,AAPL
2022-11-07,138.51661682128906,AAPL
2022-11-08,139.09494018554688,AAPL
2022-11-09,134.47837829589844,AAPL
2022-11-10,146.4435272216797,AAPL
2022-11-11,149.26531982421875,AAPL
2022-11-14,147.8494415283203,AAPL
2022-11-15,149.6043243408203,AAPL
2022-11-16,148.3579559326172,AAPL
2022-11-17,150.2823486328125,AAPL
2022-11-18,150.85069274902344,AAPL
2022-11-21,147.58023071289062,AAPL
2022-11-22,149.74391174316406,AAPL
2022-11-23,150.63134765625,AAPL
2022-11-25,147.67994689941406,AAPL
2022-11-28,143.80123901367188,AAPL
2022-11-29,140.7600860595703,AAPL
2022-11-30,147.6001739501953,AAPL
2022-12-01,147.8793487548828,AAPL
2022-12-02,147.3808135986328,AAPL
2022-12-05,146.20423889160156,AAPL
2022-12-06,142.4950408935547,AAPL
2022-12-07,140.53076171875,AAPL
2022-12-08,142.2357940673828,AAPL
2022-12-09,141.74720764160156,AAPL
2022-12-12,144.07044982910156,AAPL
2022-12-13,145.047607421875,AAPL
2022-12-14,142.79417419433594,AAPL
2022-12-15,136.10365295410156,AAPL
2022-12-16,134.1194305419922,AAPL
2022-12-19,131.98562622070312,AAPL
2022-12-20,131.9158477783203,AAPL
2022-12-21,135.05670166015625,AAPL
2022-12-22,131.84603881835938,AAPL
2022-12-23,131.4771270751953,AAPL
2022-12-27,129.65243530273438,AAPL
2022-12-28,125.67401885986328,AAPL
2022-12-29,129.23365783691406,AAPL
2022-12-30,129.55271911621094,AAPL
2023-01-03,124.7068328857422,AAPL
2023-01-04,125.99309539794922,AAPL
2023-01-05,124.656982421875,AAPL
2023-01-06,129.24362182617188,AAPL
2023-01-09,129.77207946777344,AAPL
2023-01-10,130.35040283203125,AAPL
2023-01-11,133.10238647460938,AAPL
2023-01-12,133.02261352539062,AAPL
2023-01-13,134.3686981201172,AAPL
2023-01-17,135.54527282714844,AAPL
2023-01-18,134.81739807128906,AAPL
2023-01-19,134.87722778320312,AAPL
2023-01-20,137.46966552734375,AAPL
2023-01-23,140.70025634765625,AAPL
2023-01-24,142.1161346435547,AAPL
2023-01-25,141.4480743408203,AAPL
2023-01-26,143.5419921875,AAPL
2023-01-27,145.50625610351562,AAPL
2023-01-30,142.58477783203125,AAPL
2023-01-31,143.8710174560547,AAPL
2023-02-01,145.00770568847656,AAPL
2023-02-02,150.38206481933594,AAPL
2023-02-03,154.05137634277344,AAPL
2023-02-06,151.2894287109375,AAPL
2023-02-07,154.20094299316406,AAPL
2023-02-08,151.4788818359375,AAPL
2023-02-09,150.43191528320312,AAPL
2023-02-10,150.80140686035156,AAPL
2023-02-13,153.6374969482422,AAPL
2023-02-14,152.98838806152344,AAPL
2023-02-15,155.11544799804688,AAPL
2023-02-16,153.49769592285156,AAPL
2023-02-17,152.33929443359375,AAPL
2023-02-21,148.27490234375,AAPL
2023-02-22,148.70431518554688,AAPL
2023-02-23,149.19363403320312,AAPL
2023-02-24,146.50735473632812,AAPL
2023-02-27,147.71568298339844,AAPL
2023-02-28,147.20639038085938,AAPL
2023-03-01,145.10928344726562,AAPL
2023-03-02,145.70846557617188,AAPL
2023-03-03,150.82138061523438,AAPL
2023-03-06,153.61752319335938,AAPL
2023-03-07,151.39060974121094,AAPL
2023-03-08,152.65884399414062,AAPL
2023-03-09,150.38198852539062,AAPL
2023-03-10,148.2948760986328,AAPL
2023-03-13,150.2621612548828,AAPL
2023-03-14,152.3792266845703,AAPL
2023-03-15,152.7786865234375,AAPL
2023-03-16,155.63473510742188,AAPL
2023-03-17,154.78590393066406,AAPL
2023-03-20,157.18258666992188,AAPL
2023-03-21,159.0599822998047,AAPL
2023-03-22,157.61199951171875,AAPL
2023-03-23,158.71046447753906,AAPL
2023-03-24,160.02865600585938,AAPL
2023-03-27,158.06137084960938,AAPL
2023-03-28,157.43223571777344,AAPL
2023-03-29,160.54794311523438,AAPL
2023-03-30,162.1357421875,AAPL
2023-03-31,164.67222595214844,AAPL
2023-04-03,165.9404754638672,AAPL
2023-04-04,165.40122985839844,AAPL
2023-04-05,163.53379821777344,AAPL
2023-04-06,164.43255615234375,AAPL
2023-04-10,161.80618286132812,AAPL
2023-04-11,160.57789611816406,AAPL
2023-04-12,159.8788604736328,AAPL
2023-04-13,165.33131408691406,AAPL
2023-04-14,164.9818115234375,AAPL
2023-04-17,165.00177001953125,AAPL
2023-04-18,166.2400665283203,AAPL
2023-04-19,167.39846801757812,AAPL
2023-04-20,166.4197998046875,AAPL
2023-04-21,164.7920684814453,AAPL
2023-04-24,165.1016387939453,AAPL
2023-04-25,163.54379272460938,AAPL
2023-04-26,163.53379821777344,AAPL
2023-04-27,168.17738342285156,AAPL
2023-04-28,169.44561767578125,AAPL
2023-05-01,169.35574340820312,AAPL
2023-05-02,168.30718994140625,AAPL
2023-05-03,167.2187042236328,AAPL
2023-05-04,165.5609893798828,AAPL
2023-05-05,173.33026123046875,AAPL
2023-05-08,173.26034545898438,AAPL
2023-05-09,171.53274536132812,AAPL
2023-05-10,173.3202667236328,AAPL
2023-05-11,173.510009765625,AAPL
2023-05-12,172.57000732421875,AAPL
2023-05-15,172.07000732421875,AAPL
2023-05-16,172.07000732421875,AAPL
2023-05-17,172.69000244140625,AAPL
2023-05-18,175.0500030517578,AAPL
2023-05-19,175.16000366210938,AAPL
2022-05-23,258.1546325683594,MSFT
2022-05-24,257.1344909667969,MSFT
2022-05-25,260.0067138671875,MSFT
2022-05-26,263.3543395996094,MSFT
2022-05-27,270.6240539550781,MSFT
2022-05-31,269.2671813964844,MSFT
2022-06-01,269.8119201660156,MSFT
2022-06-02,271.95123291015625,MSFT
2022-06-03,267.4349365234375,MSFT
2022-06-06,266.17706298828125,MSFT
2022-06-07,269.89117431640625,MSFT
2022-06-08,267.8211975097656,MSFT
2022-06-09,262.2550048828125,MSFT
2022-06-10,250.5679626464844,MSFT
2022-06-13,239.940673828125,MSFT
2022-06-14,242.1493377685547,MSFT
2022-06-15,249.3497314453125,MSFT
2022-06-16,242.62472534179688,MSFT
2022-06-17,245.2790679931641,MSFT
2022-06-21,251.310775756836,MSFT
2022-06-22,250.7066192626953,MSFT
2022-06-23,256.3817138671875,MSFT
2022-06-24,265.1371459960937,MSFT
2022-06-27,262.35406494140625,MSFT
2022-06-28,254.0245361328125,MSFT
2022-06-29,257.7683410644531,MSFT
2022-06-30,254.3711700439453,MSFT
2022-07-01,257.0948486328125,MSFT
2022-07-05,260.33355712890625,MSFT
2022-07-06,263.661376953125,MSFT
2022-07-07,265.8304138183594,MSFT
2022-07-08,265.0975036621094,MSFT
2022-07-11,261.9776916503906,MSFT
2022-07-12,251.24142456054688,MSFT
2022-07-13,250.300537109375,MSFT
2022-07-14,251.64752197265625,MSFT
2022-07-15,254.26223754882807,MSFT
2022-07-18,251.8159027099609,MSFT
2022-07-19,257.0453491210937,MSFT
2022-07-20,259.75909423828125,MSFT
2022-07-21,262.3044738769531,MSFT
2022-07-22,257.86737060546875,MSFT
2022-07-25,256.35205078125,MSFT
2022-07-26,249.48838806152344,MSFT
2022-07-27,266.16717529296875,MSFT
2022-07-28,273.7637023925781,MSFT
2022-07-29,278.0522766113281,MSFT
2022-08-01,275.3484191894531,MSFT
2022-08-02,272.18896484375,MSFT
2022-08-03,279.7657165527344,MSFT
2022-08-04,280.9344177246094,MSFT
2022-08-05,280.2015075683594,MSFT
2022-08-08,277.6363220214844,MSFT
2022-08-09,279.5973205566406,MSFT
2022-08-10,286.39166259765625,MSFT
2022-08-11,284.27215576171875,MSFT
2022-08-12,289.1153564453125,MSFT
2022-08-15,290.6604309082031,MSFT
2022-08-16,289.9076843261719,MSFT
2022-08-17,289.1434326171875,MSFT
2022-08-18,288.00201416015625,MSFT
2022-08-19,284.0120544433594,MSFT
2022-08-22,275.6748352050781,MSFT
2022-08-23,274.3746032714844,MSFT
2022-08-24,273.7294616699219,MSFT
2022-08-25,276.7666320800781,MSFT
2022-08-26,266.0870056152344,MSFT
2022-08-29,263.2483825683594,MSFT
2022-08-30,261.0052490234375,MSFT
2022-08-31,259.5164794921875,MSFT
2022-09-01,258.4544372558594,MSFT
2022-09-02,254.14686584472656,MSFT
2022-09-06,251.3578643798828,MSFT
2022-09-07,256.1617126464844,MSFT
2022-09-08,256.5884704589844,MSFT
2022-09-09,262.484130859375,MSFT
2022-09-12,264.6577453613281,MSFT
2022-09-13,250.10728454589844,MSFT
2022-09-14,250.33555603027344,MSFT
2022-09-15,243.5466766357422,MSFT
2022-09-16,242.9114532470703,MSFT
2022-09-19,242.693099975586,MSFT
2022-09-20,240.63856506347656,MSFT
2022-09-21,237.1647186279297,MSFT
2022-09-22,239.17953491210932,MSFT
2022-09-23,236.1424102783203,MSFT
2022-09-26,235.6759185791016,MSFT
2022-09-27,234.6436920166016,MSFT
2022-09-28,239.2688751220703,MSFT
2022-09-29,235.7255401611328,MSFT
2022-09-30,231.159896850586,MSFT
2022-10-03,238.9413452148437,MSFT
2022-10-04,247.02053833007807,MSFT
2022-10-05,247.338119506836,MSFT
2022-10-06,244.94613647460932,MSFT
2022-10-07,232.48989868164065,MSFT
2022-10-10,227.5371856689453,MSFT
2022-10-11,223.7258758544922,MSFT
2022-10-12,224.06333923339844,MSFT
2022-10-13,232.48989868164065,MSFT
2022-10-14,226.85232543945312,MSFT
2022-10-17,235.7553100585937,MSFT
2022-10-18,236.7180633544922,MSFT
2022-10-19,234.71316528320312,MSFT
2022-10-20,234.3856201171875,MSFT
2022-10-21,240.31103515625,MSFT
2022-10-24,245.40269470214844,MSFT
2022-10-25,248.78721618652344,MSFT
2022-10-26,229.5917205810547,MSFT
2022-10-27,225.05584716796875,MSFT
2022-10-28,234.1077117919922,MSFT
2022-10-31,230.39566040039065,MSFT
2022-11-01,226.4652557373047,MSFT
2022-11-02,218.4555511474609,MSFT
2022-11-03,212.64926147460932,MSFT
2022-11-04,219.7359161376953,MSFT
2022-11-07,226.16749572753903,MSFT
2022-11-08,227.16001892089844,MSFT
2022-11-09,222.8325958251953,MSFT
2022-11-10,241.1645965576172,MSFT
2022-11-11,245.2637481689453,MSFT
2022-11-14,239.7452850341797,MSFT
2022-11-15,240.16213989257807,MSFT
2022-11-16,240.6000823974609,MSFT
2022-11-17,240.55030822753903,MSFT
2022-11-18,240.09246826171875,MSFT
2022-11-21,240.9185943603516,MSFT
2022-11-22,243.88465881347656,MSFT
2022-11-23,246.42274475097656,MSFT
2022-11-25,246.33316040039065,MSFT
2022-11-28,240.62994384765625,MSFT
2022-11-29,239.2066345214844,MSFT
2022-11-30,253.9474029541016,MSFT
2022-12-01,253.4994964599609,MSFT
2022-12-02,253.8279571533203,MSFT
2022-12-05,249.03048706054688,MSFT
2022-12-06,243.97422790527344,MSFT
2022-12-07,243.2277374267578,MSFT
2022-12-08,246.2435760498047,MSFT
2022-12-09,244.2728271484375,MSFT
2022-12-12,251.3296813964844,MSFT
2022-12-13,255.71908569335932,MSFT
2022-12-14,256.0177001953125,MSFT
2022-12-15,247.84605407714844,MSFT
2022-12-16,243.54624938964844,MSFT
2022-12-19,239.32606506347656,MSFT
2022-12-20,240.6697540283203,MSFT
2022-12-21,243.28744506835932,MSFT
2022-12-22,237.07662963867188,MSFT
2022-12-23,237.61410522460932,MSFT
2022-12-27,235.85238647460932,MSFT
2022-12-28,233.4337310791016,MSFT
2022-12-29,239.8834381103516,MSFT
2022-12-30,238.6990203857422,MSFT
2023-01-03,238.46014404296875,MSFT
2023-01-04,228.0291290283203,MSFT
2023-01-05,221.27084350585932,MSFT
2023-01-06,223.87860107421875,MSFT
2023-01-09,226.05838012695312,MSFT
2023-01-10,227.78028869628903,MSFT
2023-01-11,234.66793823242188,MSFT
2023-01-12,237.39512634277344,MSFT
2023-01-13,238.1117706298828,MSFT
2023-01-17,239.2265472412109,MSFT
2023-01-18,234.707748413086,MSFT
2023-01-19,230.84588623046875,MSFT
2023-01-20,239.0971527099609,MSFT
2023-01-23,241.44610595703125,MSFT
2023-01-24,240.9086303710937,MSFT
2023-01-25,239.48532104492188,MSFT
2023-01-26,246.8407745361328,MSFT
2023-01-27,247.00003051757807,MSFT
2023-01-30,241.5755157470703,MSFT
2023-01-31,246.6516571044922,MSFT
2023-02-01,251.56857299804688,MSFT
2023-02-02,263.3631896972656,MSFT
2023-02-03,257.14239501953125,MSFT
2023-02-06,255.5697631835937,MSFT
2023-02-07,266.3093566894531,MSFT
2023-02-08,265.4832458496094,MSFT
2023-02-09,262.38775634765625,MSFT
2023-02-10,261.8702087402344,MSFT
2023-02-13,270.0517578125,MSFT
2023-02-14,270.8978271484375,MSFT
2023-02-15,268.7325439453125,MSFT
2023-02-16,261.5781555175781,MSFT
2023-02-17,257.4971008300781,MSFT
2023-02-21,252.1188507080078,MSFT
2023-02-22,250.9613800048828,MSFT
2023-02-23,254.2142791748047,MSFT
2023-02-24,248.67637634277344,MSFT
2023-02-27,249.6143341064453,MSFT
2023-02-28,248.87594604492188,MSFT
2023-03-01,245.7328186035156,MSFT
2023-03-02,250.562255859375,MSFT
2023-03-03,254.73312377929688,MSFT
2023-03-06,256.3096923828125,MSFT
2023-03-07,253.5956115722656,MSFT
2023-03-08,253.1466064453125,MSFT
2023-03-09,251.7696228027344,MSFT
2023-03-10,248.04774475097656,MSFT
2023-03-13,253.3661193847656,MSFT
2023-03-14,260.2211608886719,MSFT
2023-03-15,264.8609924316406,MSFT
2023-03-16,275.5975341796875,MSFT
2023-03-17,278.8204650878906,MSFT
2023-03-20,271.6361999511719,MSFT
2023-03-21,273.18280029296875,MSFT
2023-03-22,271.6960754394531,MSFT
2023-03-23,277.0543518066406,MSFT
2023-03-24,279.9580078125,MSFT
2023-03-27,275.7771301269531,MSFT
2023-03-28,274.6296691894531,MSFT
2023-03-29,279.89813232421875,MSFT
2023-03-30,283.4303894042969,MSFT
2023-03-31,287.6711120605469,MSFT
2023-04-03,286.6034851074219,MSFT
2023-04-04,286.5535583496094,MSFT
2023-04-05,283.7197570800781,MSFT
2023-04-06,290.96392822265625,MSFT
2023-04-10,288.7587585449219,MSFT
2023-04-11,282.2130432128906,MSFT
2023-04-12,282.8716125488281,MSFT
2023-04-13,289.207763671875,MSFT
2023-04-14,285.515869140625,MSFT
2023-04-17,288.1700439453125,MSFT
2023-04-18,287.740966796875,MSFT
2023-04-19,287.8208312988281,MSFT
2023-04-20,285.48590087890625,MSFT
2023-04-21,285.1366882324219,MSFT
2023-04-24,281.1553649902344,MSFT
2023-04-25,274.8192443847656,MSFT
2023-04-26,294.7257080078125,MSFT
2023-04-27,304.1650695800781,MSFT
2023-04-28,306.5897827148437,MSFT
2023-05-01,304.8934936523437,MSFT
2023-05-02,304.7438049316406,MSFT
2023-05-03,303.73602294921875,MSFT
2023-05-04,304.7438049316406,MSFT
2023-05-05,309.9723815917969,MSFT
2023-05-08,307.97674560546875,MSFT
2023-05-09,306.3303527832031,MSFT
2023-05-10,311.6287536621094,MSFT
2023-05-11,309.4335327148437,MSFT
2023-05-12,308.2960510253906,MSFT
2023-05-15,308.78497314453125,MSFT
2023-05-16,311.0599975585937,MSFT
2023-05-17,314.0,MSFT
2023-05-18,318.5199890136719,MSFT
2023-05-19,318.3399963378906,MSFT
2022-05-23,107.55699920654295,AMZN
2022-05-24,104.0999984741211,AMZN
2022-05-25,106.7750015258789,AMZN
2022-05-26,111.07749938964844,AMZN
2022-05-27,115.14649963378906,AMZN
2022-05-31,120.20950317382812,AMZN
2022-06-01,121.68399810791016,AMZN
2022-06-02,125.51100158691406,AMZN
2022-06-03,122.3499984741211,AMZN
2022-06-06,124.79000091552734,AMZN
2022-06-07,123.0,AMZN
2022-06-08,121.18000030517578,AMZN
2022-06-09,116.1500015258789,AMZN
2022-06-10,109.6500015258789,AMZN
2022-06-13,103.66999816894533,AMZN
2022-06-14,102.30999755859376,AMZN
2022-06-15,107.66999816894533,AMZN
2022-06-16,103.66000366210938,AMZN
2022-06-17,106.22000122070312,AMZN
2022-06-21,108.68000030517578,AMZN
2022-06-22,108.9499969482422,AMZN
2022-06-23,112.44000244140624,AMZN
2022-06-24,116.45999908447266,AMZN
2022-06-27,113.22000122070312,AMZN
2022-06-28,107.4000015258789,AMZN
2022-06-29,108.91999816894533,AMZN
2022-06-30,106.20999908447266,AMZN
2022-07-01,109.55999755859376,AMZN
2022-07-05,113.5,AMZN
2022-07-06,114.33000183105467,AMZN
2022-07-07,116.33000183105467,AMZN
2022-07-08,115.54000091552734,AMZN
2022-07-11,111.75,AMZN
2022-07-12,109.22000122070312,AMZN
2022-07-13,110.4000015258789,AMZN
2022-07-14,110.62999725341795,AMZN
2022-07-15,113.5500030517578,AMZN
2022-07-18,113.76000213623048,AMZN
2022-07-19,118.20999908447266,AMZN
2022-07-20,122.7699966430664,AMZN
2022-07-21,124.62999725341795,AMZN
2022-07-22,122.41999816894533,AMZN
2022-07-25,121.13999938964844,AMZN
2022-07-26,114.80999755859376,AMZN
2022-07-27,120.97000122070312,AMZN
2022-07-28,122.27999877929688,AMZN
2022-07-29,134.9499969482422,AMZN
2022-08-01,135.38999938964844,AMZN
2022-08-02,134.16000366210938,AMZN
2022-08-03,139.52000427246094,AMZN
2022-08-04,142.57000732421875,AMZN
2022-08-05,140.8000030517578,AMZN
2022-08-08,139.41000366210938,AMZN
2022-08-09,137.8300018310547,AMZN
2022-08-10,142.69000244140625,AMZN
2022-08-11,140.63999938964844,AMZN
2022-08-12,143.5500030517578,AMZN
2022-08-15,143.17999267578125,AMZN
2022-08-16,144.77999877929688,AMZN
2022-08-17,142.10000610351562,AMZN
2022-08-18,142.3000030517578,AMZN
2022-08-19,138.22999572753906,AMZN
2022-08-22,133.22000122070312,AMZN
2022-08-23,133.6199951171875,AMZN
2022-08-24,133.8000030517578,AMZN
2022-08-25,137.27999877929688,AMZN
2022-08-26,130.75,AMZN
2022-08-29,129.7899932861328,AMZN
2022-08-30,128.72999572753906,AMZN
2022-08-31,126.7699966430664,AMZN
2022-09-01,127.81999969482422,AMZN
2022-09-02,127.51000213623048,AMZN
2022-09-06,126.11000061035156,AMZN
2022-09-07,129.47999572753906,AMZN
2022-09-08,129.82000732421875,AMZN
2022-09-09,133.27000427246094,AMZN
2022-09-12,136.4499969482422,AMZN
2022-09-13,126.81999969482422,AMZN
2022-09-14,128.5500030517578,AMZN
2022-09-15,126.27999877929688,AMZN
2022-09-16,123.52999877929688,AMZN
2022-09-19,124.66000366210938,AMZN
2022-09-20,122.19000244140624,AMZN
2022-09-21,118.54000091552734,AMZN
2022-09-22,117.30999755859376,AMZN
2022-09-23,113.77999877929688,AMZN
2022-09-26,115.1500015258789,AMZN
2022-09-27,114.41000366210938,AMZN
2022-09-28,118.01000213623048,AMZN
2022-09-29,114.8000030517578,AMZN
2022-09-30,113.0,AMZN
2022-10-03,115.87999725341795,AMZN
2022-10-04,121.08999633789062,AMZN
2022-10-05,120.9499969482422,AMZN
2022-10-06,120.3000030517578,AMZN
2022-10-07,114.55999755859376,AMZN
2022-10-10,113.66999816894533,AMZN
2022-10-11,112.20999908447266,AMZN
2022-10-12,112.9000015258789,AMZN
2022-10-13,112.52999877929688,AMZN
2022-10-14,106.9000015258789,AMZN
2022-10-17,113.79000091552734,AMZN
2022-10-18,116.36000061035156,AMZN
2022-10-19,115.06999969482422,AMZN
2022-10-20,115.25,AMZN
2022-10-21,119.31999969482422,AMZN
2022-10-24,119.81999969482422,AMZN
2022-10-25,120.5999984741211,AMZN
2022-10-26,115.66000366210938,AMZN
2022-10-27,110.95999908447266,AMZN
2022-10-28,103.41000366210938,AMZN
2022-10-31,102.44000244140624,AMZN
2022-11-01,96.79000091552734,AMZN
2022-11-02,92.12000274658205,AMZN
2022-11-03,89.30000305175781,AMZN
2022-11-04,90.9800033569336,AMZN
2022-11-07,90.52999877929688,AMZN
2022-11-08,89.9800033569336,AMZN
2022-11-09,86.13999938964844,AMZN
2022-11-10,96.62999725341795,AMZN
2022-11-11,100.79000091552734,AMZN
2022-11-14,98.48999786376952,AMZN
2022-11-15,98.94000244140624,AMZN
2022-11-16,97.12000274658205,AMZN
2022-11-17,94.8499984741211,AMZN
2022-11-18,94.13999938964844,AMZN
2022-11-21,92.45999908447266,AMZN
2022-11-22,93.1999969482422,AMZN
2022-11-23,94.12999725341795,AMZN
2022-11-25,93.41000366210938,AMZN
2022-11-28,93.9499969482422,AMZN
2022-11-29,92.41999816894533,AMZN
2022-11-30,96.54000091552734,AMZN
2022-12-01,95.5,AMZN
2022-12-02,94.12999725341795,AMZN
2022-12-05,91.01000213623048,AMZN
2022-12-06,88.25,AMZN
2022-12-07,88.45999908447266,AMZN
2022-12-08,90.3499984741211,AMZN
2022-12-09,89.08999633789062,AMZN
2022-12-12,90.5500030517578,AMZN
2022-12-13,92.48999786376952,AMZN
2022-12-14,91.58000183105467,AMZN
2022-12-15,88.44999694824219,AMZN
2022-12-16,87.86000061035156,AMZN
2022-12-19,84.91999816894531,AMZN
2022-12-20,85.19000244140625,AMZN
2022-12-21,86.7699966430664,AMZN
2022-12-22,83.79000091552734,AMZN
2022-12-23,85.25,AMZN
2022-12-27,83.04000091552734,AMZN
2022-12-28,81.81999969482422,AMZN
2022-12-29,84.18000030517578,AMZN
2022-12-30,84.0,AMZN
2023-01-03,85.81999969482422,AMZN
2023-01-04,85.13999938964844,AMZN
2023-01-05,83.12000274658203,AMZN
2023-01-06,86.08000183105469,AMZN
2023-01-09,87.36000061035156,AMZN
2023-01-10,89.87000274658203,AMZN
2023-01-11,95.08999633789062,AMZN
2023-01-12,95.2699966430664,AMZN
2023-01-13,98.12000274658205,AMZN
2023-01-17,96.0500030517578,AMZN
2023-01-18,95.45999908447266,AMZN
2023-01-19,93.68000030517578,AMZN
2023-01-20,97.25,AMZN
2023-01-23,97.5199966430664,AMZN
2023-01-24,96.31999969482422,AMZN
2023-01-25,97.18000030517578,AMZN
2023-01-26,99.22000122070312,AMZN
2023-01-27,102.23999786376952,AMZN
2023-01-30,100.5500030517578,AMZN
2023-01-31,103.12999725341795,AMZN
2023-02-01,105.1500015258789,AMZN
2023-02-02,112.91000366210938,AMZN
2023-02-03,103.38999938964844,AMZN
2023-02-06,102.18000030517578,AMZN
2023-02-07,102.11000061035156,AMZN
2023-02-08,100.0500030517578,AMZN
2023-02-09,98.23999786376952,AMZN
2023-02-10,97.61000061035156,AMZN
2023-02-13,99.54000091552734,AMZN
2023-02-14,99.6999969482422,AMZN
2023-02-15,101.16000366210938,AMZN
2023-02-16,98.1500015258789,AMZN
2023-02-17,97.1999969482422,AMZN
2023-02-21,94.58000183105467,AMZN
2023-02-22,95.79000091552734,AMZN
2023-02-23,95.81999969482422,AMZN
2023-02-24,93.5,AMZN
2023-02-27,93.76000213623048,AMZN
2023-02-28,94.2300033569336,AMZN
2023-03-01,92.16999816894533,AMZN
2023-03-02,92.12999725341795,AMZN
2023-03-03,94.9000015258789,AMZN
2023-03-06,93.75,AMZN
2023-03-07,93.5500030517578,AMZN
2023-03-08,93.91999816894533,AMZN
2023-03-09,92.25,AMZN
2023-03-10,90.7300033569336,AMZN
2023-03-13,92.43000030517578,AMZN
2023-03-14,94.87999725341795,AMZN
2023-03-15,96.1999969482422,AMZN
2023-03-16,100.04000091552734,AMZN
2023-03-17,98.9499969482422,AMZN
2023-03-20,97.70999908447266,AMZN
2023-03-21,100.61000061035156,AMZN
2023-03-22,98.6999969482422,AMZN
2023-03-23,98.70999908447266,AMZN
2023-03-24,98.12999725341795,AMZN
2023-03-27,98.04000091552734,AMZN
2023-03-28,97.23999786376952,AMZN
2023-03-29,100.25,AMZN
2023-03-30,102.0,AMZN
2023-03-31,103.29000091552734,AMZN
2023-04-03,102.41000366210938,AMZN
2023-04-04,103.9499969482422,AMZN
2023-04-05,101.0999984741211,AMZN
2023-04-06,102.05999755859376,AMZN
2023-04-10,102.16999816894533,AMZN
2023-04-11,99.91999816894533,AMZN
2023-04-12,97.83000183105467,AMZN
2023-04-13,102.4000015258789,AMZN
2023-04-14,102.51000213623048,AMZN
2023-04-17,102.73999786376952,AMZN
2023-04-18,102.3000030517578,AMZN
2023-04-19,104.3000030517578,AMZN
2023-04-20,103.80999755859376,AMZN
2023-04-21,106.95999908447266,AMZN
2023-04-24,106.20999908447266,AMZN
2023-04-25,102.56999969482422,AMZN
2023-04-26,104.9800033569336,AMZN
2023-04-27,109.81999969482422,AMZN
2023-04-28,105.4499969482422,AMZN
2023-05-01,102.0500030517578,AMZN
2023-05-02,103.62999725341795,AMZN
2023-05-03,103.6500015258789,AMZN
2023-05-04,104.0,AMZN
2023-05-05,105.66000366210938,AMZN
2023-05-08,105.83000183105467,AMZN
2023-05-09,106.62000274658205,AMZN
2023-05-10,110.19000244140624,AMZN
2023-05-11,112.18000030517578,AMZN
2023-05-12,110.26000213623048,AMZN
2023-05-15,111.1999969482422,AMZN
2023-05-16,113.4000015258789,AMZN
2023-05-17,115.5,AMZN
2023-05-18,118.1500015258789,AMZN
2023-05-19,116.25,AMZN
2022-05-23,224.96665954589844,TSLA
2022-05-24,209.3866729736328,TSLA
2022-05-25,219.6000061035156,TSLA
2022-05-26,235.91000366210932,TSLA
2022-05-27,253.2100067138672,TSLA
2022-05-31,252.7533264160156,TSLA
2022-06-01,246.7899932861328,TSLA
2022-06-02,258.3333435058594,TSLA
2022-06-03,234.51666259765625,TSLA
2022-06-06,238.27999877929688,TSLA
2022-06-07,238.8866729736328,TSLA
2022-06-08,241.86666870117188,TSLA
2022-06-09,239.7066650390625,TSLA
2022-06-10,232.22999572753903,TSLA
2022-06-13,215.73666381835932,TSLA
2022-06-14,220.88999938964844,TSLA
2022-06-15,233.0,TSLA
2022-06-16,213.1000061035156,TSLA
2022-06-17,216.759994506836,TSLA
2022-06-21,237.0366668701172,TSLA
2022-06-22,236.086669921875,TSLA
2022-06-23,235.07000732421875,TSLA
2022-06-24,245.7066650390625,TSLA
2022-06-27,244.9199981689453,TSLA
2022-06-28,232.663330078125,TSLA
2022-06-29,228.4900054931641,TSLA
2022-06-30,224.47332763671875,TSLA
2022-07-01,227.26333618164065,TSLA
2022-07-05,233.0666656494141,TSLA
2022-07-06,231.7333374023437,TSLA
2022-07-07,244.5433349609375,TSLA
2022-07-08,250.76333618164065,TSLA
2022-07-11,234.3433380126953,TSLA
2022-07-12,233.07000732421875,TSLA
2022-07-13,237.0399932861328,TSLA
2022-07-14,238.31333923339844,TSLA
2022-07-15,240.0666656494141,TSLA
2022-07-18,240.54666137695312,TSLA
2022-07-19,245.52999877929688,TSLA
2022-07-20,247.5,TSLA
2022-07-21,271.7066650390625,TSLA
2022-07-22,272.24334716796875,TSLA
2022-07-25,268.4333190917969,TSLA
2022-07-26,258.8599853515625,TSLA
2022-07-27,274.82000732421875,TSLA
2022-07-28,280.8999938964844,TSLA
2022-07-29,297.1499938964844,TSLA
2022-08-01,297.27667236328125,TSLA
2022-08-02,300.586669921875,TSLA
2022-08-03,307.39666748046875,TSLA
2022-08-04,308.6333312988281,TSLA
2022-08-05,288.1700134277344,TSLA
2022-08-08,290.42333984375,TSLA
2022-08-09,283.3333435058594,TSLA
2022-08-10,294.3566589355469,TSLA
2022-08-11,286.6300048828125,TSLA
2022-08-12,300.0299987792969,TSLA
2022-08-15,309.32000732421875,TSLA
2022-08-16,306.5633239746094,TSLA
2022-08-17,303.9966735839844,TSLA
2022-08-18,302.8699951171875,TSLA
2022-08-19,296.6666564941406,TSLA
2022-08-22,289.913330078125,TSLA
2022-08-23,296.4533386230469,TSLA
2022-08-24,297.0966796875,TSLA
2022-08-25,296.07000732421875,TSLA
2022-08-26,288.0899963378906,TSLA
2022-08-29,284.82000732421875,TSLA
2022-08-30,277.70001220703125,TSLA
2022-08-31,275.6099853515625,TSLA
2022-09-01,277.1600036621094,TSLA
2022-09-02,270.2099914550781,TSLA
2022-09-06,274.4200134277344,TSLA
2022-09-07,283.70001220703125,TSLA
2022-09-08,289.260009765625,TSLA
2022-09-09,299.67999267578125,TSLA
2022-09-12,304.4200134277344,TSLA
2022-09-13,292.1300048828125,TSLA
2022-09-14,302.6099853515625,TSLA
2022-09-15,303.75,TSLA
2022-09-16,303.3500061035156,TSLA
2022-09-19,309.07000732421875,TSLA
2022-09-20,308.7300109863281,TSLA
2022-09-21,300.79998779296875,TSLA
2022-09-22,288.5899963378906,TSLA
2022-09-23,275.3299865722656,TSLA
2022-09-26,276.010009765625,TSLA
2022-09-27,282.94000244140625,TSLA
2022-09-28,287.8099975585937,TSLA
2022-09-29,268.2099914550781,TSLA
2022-09-30,265.25,TSLA
2022-10-03,242.3999938964844,TSLA
2022-10-04,249.44000244140625,TSLA
2022-10-05,240.8099975585937,TSLA
2022-10-06,238.1300048828125,TSLA
2022-10-07,223.07000732421875,TSLA
2022-10-10,222.9600067138672,TSLA
2022-10-11,216.5,TSLA
2022-10-12,217.2400054931641,TSLA
2022-10-13,221.72000122070312,TSLA
2022-10-14,204.9900054931641,TSLA
2022-10-17,219.3500061035156,TSLA
2022-10-18,220.19000244140625,TSLA
2022-10-19,222.0399932861328,TSLA
2022-10-20,207.27999877929688,TSLA
2022-10-21,214.44000244140625,TSLA
2022-10-24,211.25,TSLA
2022-10-25,222.4199981689453,TSLA
2022-10-26,224.63999938964844,TSLA
2022-10-27,225.08999633789065,TSLA
2022-10-28,228.5200042724609,TSLA
2022-10-31,227.5399932861328,TSLA
2022-11-01,227.82000732421875,TSLA
2022-11-02,214.97999572753903,TSLA
2022-11-03,215.3099975585937,TSLA
2022-11-04,207.47000122070312,TSLA
2022-11-07,197.0800018310547,TSLA
2022-11-08,191.3000030517578,TSLA
2022-11-09,177.58999633789062,TSLA
2022-11-10,190.72000122070312,TSLA
2022-11-11,195.97000122070312,TSLA
2022-11-14,190.9499969482422,TSLA
2022-11-15,194.4199981689453,TSLA
2022-11-16,186.9199981689453,TSLA
2022-11-17,183.1699981689453,TSLA
2022-11-18,180.19000244140625,TSLA
2022-11-21,167.8699951171875,TSLA
2022-11-22,169.91000366210938,TSLA
2022-11-23,183.1999969482422,TSLA
2022-11-25,182.8600006103516,TSLA
2022-11-28,182.9199981689453,TSLA
2022-11-29,180.8300018310547,TSLA
2022-11-30,194.6999969482422,TSLA
2022-12-01,194.6999969482422,TSLA
2022-12-02,194.8600006103516,TSLA
2022-12-05,182.4499969482422,TSLA
2022-12-06,179.82000732421875,TSLA
2022-12-07,174.0399932861328,TSLA
2022-12-08,173.44000244140625,TSLA
2022-12-09,179.0500030517578,TSLA
2022-12-12,167.82000732421875,TSLA
2022-12-13,160.9499969482422,TSLA
2022-12-14,156.8000030517578,TSLA
2022-12-15,157.6699981689453,TSLA
2022-12-16,150.22999572753906,TSLA
2022-12-19,149.8699951171875,TSLA
2022-12-20,137.8000030517578,TSLA
2022-12-21,137.57000732421875,TSLA
2022-12-22,125.3499984741211,TSLA
2022-12-23,123.1500015258789,TSLA
2022-12-27,109.0999984741211,TSLA
2022-12-28,112.70999908447266,TSLA
2022-12-29,121.81999969482422,TSLA
2022-12-30,123.18000030517578,TSLA
2023-01-03,108.0999984741211,TSLA
2023-01-04,113.63999938964844,TSLA
2023-01-05,110.33999633789062,TSLA
2023-01-06,113.05999755859376,TSLA
2023-01-09,119.7699966430664,TSLA
2023-01-10,118.8499984741211,TSLA
2023-01-11,123.22000122070312,TSLA
2023-01-12,123.55999755859376,TSLA
2023-01-13,122.4000015258789,TSLA
2023-01-17,131.49000549316406,TSLA
2023-01-18,128.77999877929688,TSLA
2023-01-19,127.16999816894533,TSLA
2023-01-20,133.4199981689453,TSLA
2023-01-23,143.75,TSLA
2023-01-24,143.88999938964844,TSLA
2023-01-25,144.42999267578125,TSLA
2023-01-26,160.27000427246094,TSLA
2023-01-27,177.89999389648438,TSLA
2023-01-30,166.66000366210938,TSLA
2023-01-31,173.22000122070312,TSLA
2023-02-01,181.41000366210932,TSLA
2023-02-02,188.2700042724609,TSLA
2023-02-03,189.97999572753903,TSLA
2023-02-06,194.759994506836,TSLA
2023-02-07,196.8099975585937,TSLA
2023-02-08,201.2899932861328,TSLA
2023-02-09,207.32000732421875,TSLA
2023-02-10,196.88999938964844,TSLA
2023-02-13,194.63999938964844,TSLA
2023-02-14,209.25,TSLA
2023-02-15,214.2400054931641,TSLA
2023-02-16,202.0399932861328,TSLA
2023-02-17,208.3099975585937,TSLA
2023-02-21,197.3699951171875,TSLA
2023-02-22,200.8600006103516,TSLA
2023-02-23,202.07000732421875,TSLA
2023-02-24,196.8800048828125,TSLA
2023-02-27,207.6300048828125,TSLA
2023-02-28,205.7100067138672,TSLA
2023-03-01,202.7700042724609,TSLA
2023-03-02,190.8999938964844,TSLA
2023-03-03,197.7899932861328,TSLA
2023-03-06,193.8099975585937,TSLA
2023-03-07,187.7100067138672,TSLA
2023-03-08,182.0,TSLA
2023-03-09,172.9199981689453,TSLA
2023-03-10,173.44000244140625,TSLA
2023-03-13,174.47999572753906,TSLA
2023-03-14,183.259994506836,TSLA
2023-03-15,180.4499969482422,TSLA
2023-03-16,184.1300048828125,TSLA
2023-03-17,180.1300048828125,TSLA
2023-03-20,183.25,TSLA
2023-03-21,197.5800018310547,TSLA
2023-03-22,191.1499938964844,TSLA
2023-03-23,192.22000122070312,TSLA
2023-03-24,190.41000366210932,TSLA
2023-03-27,191.8099975585937,TSLA
2023-03-28,189.19000244140625,TSLA
2023-03-29,193.8800048828125,TSLA
2023-03-30,195.27999877929688,TSLA
2023-03-31,207.4600067138672,TSLA
2023-04-03,194.7700042724609,TSLA
2023-04-04,192.5800018310547,TSLA
2023-04-05,185.5200042724609,TSLA
2023-04-06,185.0599975585937,TSLA
2023-04-10,184.509994506836,TSLA
2023-04-11,186.7899932861328,TSLA
2023-04-12,180.5399932861328,TSLA
2023-04-13,185.8999938964844,TSLA
2023-04-14,185.0,TSLA
2023-04-17,187.0399932861328,TSLA
2023-04-18,184.3099975585937,TSLA
2023-04-19,180.58999633789065,TSLA
2023-04-20,162.99000549316406,TSLA
2023-04-21,165.0800018310547,TSLA
2023-04-24,162.5500030517578,TSLA
2023-04-25,160.6699981689453,TSLA
2023-04-26,153.75,TSLA
2023-04-27,160.19000244140625,TSLA
2023-04-28,164.30999755859375,TSLA
2023-05-01,161.8300018310547,TSLA
2023-05-02,160.30999755859375,TSLA
2023-05-03,160.61000061035156,TSLA
2023-05-04,161.1999969482422,TSLA
2023-05-05,170.05999755859375,TSLA
2023-05-08,171.7899932861328,TSLA
2023-05-09,169.14999389648438,TSLA
2023-05-10,168.5399932861328,TSLA
2023-05-11,172.0800018310547,TSLA
2023-05-12,167.97999572753906,TSLA
2023-05-15,166.35000610351562,TSLA
2023-05-16,166.52000427246094,TSLA
2023-05-17,173.86000061035156,TSLA
2023-05-18,176.88999938964844,TSLA
2023-05-19,180.13999938964844,TSLA
2022-05-23,111.48799896240234,GOOGL
2022-05-24,105.97000122070312,GOOGL
2022-05-25,105.80500030517578,GOOGL
2022-05-26,107.7925033569336,GOOGL
2022-05-27,112.31649780273438,GOOGL
2022-05-31,113.76200103759766,GOOGL
2022-06-01,113.89199829101562,GOOGL
2022-06-02,117.62249755859376,GOOGL
2022-06-03,114.54100036621094,GOOGL
2022-06-06,116.82050323486328,GOOGL
2022-06-07,117.14949798583984,GOOGL
2022-06-08,117.19400024414062,GOOGL
2022-06-09,114.83550262451172,GOOGL
2022-06-10,111.1614990234375,GOOGL
2022-06-13,106.39250183105467,GOOGL
2022-06-14,106.71549987792967,GOOGL
2022-06-15,109.7645034790039,GOOGL
2022-06-16,106.03350067138672,GOOGL
2022-06-17,107.14350128173828,GOOGL
2022-06-21,111.54399871826172,GOOGL
2022-06-22,111.4875030517578,GOOGL
2022-06-23,112.24199676513672,GOOGL
2022-06-24,117.9749984741211,GOOGL
2022-06-27,115.83350372314452,GOOGL
2022-06-28,112.00749969482422,GOOGL
2022-06-29,111.70149993896484,GOOGL
2022-06-30,108.96299743652344,GOOGL
2022-07-01,108.7375030517578,GOOGL
2022-07-05,113.26300048828124,GOOGL
2022-07-06,114.5719985961914,GOOGL
2022-07-07,118.78299713134766,GOOGL
2022-07-08,119.35350036621094,GOOGL
2022-07-11,115.67649841308594,GOOGL
2022-07-12,114.02050018310548,GOOGL
2022-07-13,111.35350036621094,GOOGL
2022-07-14,110.36750030517578,GOOGL
2022-07-15,111.77749633789062,GOOGL
2022-07-18,109.02999877929688,GOOGL
2022-07-19,113.80999755859376,GOOGL
2022-07-20,113.9000015258789,GOOGL
2022-07-21,114.33999633789062,GOOGL
2022-07-22,107.9000015258789,GOOGL
2022-07-25,107.51000213623048,GOOGL
2022-07-26,105.0199966430664,GOOGL
2022-07-27,113.05999755859376,GOOGL
2022-07-28,114.22000122070312,GOOGL
2022-07-29,116.31999969482422,GOOGL
2022-08-01,114.86000061035156,GOOGL
2022-08-02,115.12999725341795,GOOGL
2022-08-03,118.08000183105467,GOOGL
2022-08-04,118.19000244140624,GOOGL
2022-08-05,117.47000122070312,GOOGL
2022-08-08,117.3000030517578,GOOGL
2022-08-09,116.62999725341795,GOOGL
2022-08-10,119.6999969482422,GOOGL
2022-08-11,118.83999633789062,GOOGL
2022-08-12,121.68000030517578,GOOGL
2022-08-15,122.08000183105467,GOOGL
2022-08-16,121.6999969482422,GOOGL
2022-08-17,119.5500030517578,GOOGL
2022-08-18,120.16999816894533,GOOGL
2022-08-19,117.20999908447266,GOOGL
2022-08-22,114.23999786376952,GOOGL
2022-08-23,113.86000061035156,GOOGL
2022-08-24,113.69000244140624,GOOGL
2022-08-25,116.6500015258789,GOOGL
2022-08-26,110.33999633789062,GOOGL
2022-08-29,109.41999816894533,GOOGL
2022-08-30,108.94000244140624,GOOGL
2022-08-31,108.22000122070312,GOOGL
2022-09-01,109.73999786376952,GOOGL
2022-09-02,107.8499984741211,GOOGL
2022-09-06,106.80999755859376,GOOGL
2022-09-07,109.4499969482422,GOOGL
2022-09-08,108.37999725341795,GOOGL
2022-09-09,110.6500015258789,GOOGL
2022-09-12,110.86000061035156,GOOGL
2022-09-13,104.31999969482422,GOOGL
2022-09-14,105.0,GOOGL
2022-09-15,102.91000366210938,GOOGL
2022-09-16,102.8000030517578,GOOGL
2022-09-19,103.06999969482422,GOOGL
2022-09-20,101.13999938964844,GOOGL
2022-09-21,99.27999877929688,GOOGL
2022-09-22,100.13999938964844,GOOGL
2022-09-23,98.73999786376952,GOOGL
2022-09-26,98.16999816894533,GOOGL
2022-09-27,97.5,GOOGL
2022-09-28,100.0500030517578,GOOGL
2022-09-29,97.41999816894533,GOOGL
2022-09-30,95.6500015258789,GOOGL
2022-10-03,98.63999938964844,GOOGL
2022-10-04,101.63999938964844,GOOGL
2022-10-05,101.43000030517578,GOOGL
2022-10-06,101.41999816894533,GOOGL
2022-10-07,98.68000030517578,GOOGL
2022-10-10,97.86000061035156,GOOGL
2022-10-11,97.18000030517578,GOOGL
2022-10-12,97.55999755859376,GOOGL
2022-10-13,99.05999755859376,GOOGL
2022-10-14,96.55999755859376,GOOGL
2022-10-17,99.97000122070312,GOOGL
2022-10-18,100.7699966430664,GOOGL
2022-10-19,99.62999725341795,GOOGL
2022-10-20,99.97000122070312,GOOGL
2022-10-21,101.12999725341795,GOOGL
2022-10-24,102.5199966430664,GOOGL
2022-10-25,104.4800033569336,GOOGL
2022-10-26,94.93000030517578,GOOGL
2022-10-27,92.22000122070312,GOOGL
2022-10-28,96.29000091552734,GOOGL
2022-10-31,94.51000213623048,GOOGL
2022-11-01,90.47000122070312,GOOGL
2022-11-02,86.97000122070312,GOOGL
2022-11-03,83.43000030517578,GOOGL
2022-11-04,86.58000183105469,GOOGL
2022-11-07,88.48999786376953,GOOGL
2022-11-08,88.9000015258789,GOOGL
2022-11-09,87.31999969482422,GOOGL
2022-11-10,93.94000244140624,GOOGL
2022-11-11,96.41000366210938,GOOGL
2022-11-14,95.6999969482422,GOOGL
2022-11-15,98.44000244140624,GOOGL
2022-11-16,98.8499984741211,GOOGL
2022-11-17,98.36000061035156,GOOGL
2022-11-18,97.43000030517578,GOOGL
2022-11-21,95.5999984741211,GOOGL
2022-11-22,97.0500030517578,GOOGL
2022-11-23,98.45999908447266,GOOGL
2022-11-25,97.45999908447266,GOOGL
2022-11-28,96.0500030517578,GOOGL
2022-11-29,95.19000244140624,GOOGL
2022-11-30,100.98999786376952,GOOGL
2022-12-01,100.98999786376952,GOOGL
2022-12-02,100.44000244140624,GOOGL
2022-12-05,99.4800033569336,GOOGL
2022-12-06,96.9800033569336,GOOGL
2022-12-07,94.94000244140624,GOOGL
2022-12-08,93.70999908447266,GOOGL
2022-12-09,92.83000183105467,GOOGL
2022-12-12,93.30999755859376,GOOGL
2022-12-13,95.62999725341795,GOOGL
2022-12-14,95.06999969482422,GOOGL
2022-12-15,90.86000061035156,GOOGL
2022-12-16,90.26000213623048,GOOGL
2022-12-19,88.44000244140625,GOOGL
2022-12-20,89.0199966430664,GOOGL
2022-12-21,89.58000183105469,GOOGL
2022-12-22,87.76000213623047,GOOGL
2022-12-23,89.2300033569336,GOOGL
2022-12-27,87.38999938964844,GOOGL
2022-12-28,86.0199966430664,GOOGL
2022-12-29,88.44999694824219,GOOGL
2022-12-30,88.2300033569336,GOOGL
2023-01-03,89.12000274658203,GOOGL
2023-01-04,88.08000183105469,GOOGL
2023-01-05,86.19999694824219,GOOGL
2023-01-06,87.33999633789062,GOOGL
2023-01-09,88.0199966430664,GOOGL
2023-01-10,88.41999816894531,GOOGL
2023-01-11,91.5199966430664,GOOGL
2023-01-12,91.12999725341795,GOOGL
2023-01-13,92.12000274658205,GOOGL
2023-01-17,91.29000091552734,GOOGL
2023-01-18,91.12000274658205,GOOGL
2023-01-19,93.0500030517578,GOOGL
2023-01-20,98.0199966430664,GOOGL
2023-01-23,99.79000091552734,GOOGL
2023-01-24,97.6999969482422,GOOGL
2023-01-25,95.22000122070312,GOOGL
2023-01-26,97.5199966430664,GOOGL
2023-01-27,99.37000274658205,GOOGL
2023-01-30,96.94000244140624,GOOGL
2023-01-31,98.83999633789062,GOOGL
2023-02-01,100.43000030517578,GOOGL
2023-02-02,107.73999786376952,GOOGL
2023-02-03,104.77999877929688,GOOGL
2023-02-06,102.9000015258789,GOOGL
2023-02-07,107.63999938964844,GOOGL
2023-02-08,99.37000274658205,GOOGL
2023-02-09,95.01000213623048,GOOGL
2023-02-10,94.56999969482422,GOOGL
2023-02-13,94.61000061035156,GOOGL
2023-02-14,94.68000030517578,GOOGL
2023-02-15,96.94000244140624,GOOGL
2023-02-16,95.51000213623048,GOOGL
2023-02-17,94.3499984741211,GOOGL
2023-02-21,91.79000091552734,GOOGL
2023-02-22,91.6500015258789,GOOGL
2023-02-23,90.88999938964844,GOOGL
2023-02-24,89.12999725341797,GOOGL
2023-02-27,89.87000274658203,GOOGL
2023-02-28,90.05999755859375,GOOGL
2023-03-01,90.36000061035156,GOOGL
2023-03-02,92.0,GOOGL
2023-03-03,93.6500015258789,GOOGL
2023-03-06,95.12999725341795,GOOGL
2023-03-07,93.86000061035156,GOOGL
2023-03-08,94.25,GOOGL
2023-03-09,92.31999969482422,GOOGL
2023-03-10,90.62999725341795,GOOGL
2023-03-13,91.11000061035156,GOOGL
2023-03-14,93.97000122070312,GOOGL
2023-03-15,96.11000061035156,GOOGL
2023-03-16,100.31999969482422,GOOGL
2023-03-17,101.62000274658205,GOOGL
2023-03-20,101.22000122070312,GOOGL
2023-03-21,104.91999816894533,GOOGL
2023-03-22,103.37000274658205,GOOGL
2023-03-23,105.5999984741211,GOOGL
2023-03-24,105.44000244140624,GOOGL
2023-03-27,102.45999908447266,GOOGL
2023-03-28,101.02999877929688,GOOGL
2023-03-29,101.38999938964844,GOOGL
2023-03-30,100.88999938964844,GOOGL
2023-03-31,103.7300033569336,GOOGL
2023-04-03,104.36000061035156,GOOGL
2023-04-04,104.72000122070312,GOOGL
2023-04-05,104.47000122070312,GOOGL
2023-04-06,108.41999816894533,GOOGL
2023-04-10,106.44000244140624,GOOGL
2023-04-11,105.3499984741211,GOOGL
2023-04-12,104.63999938964844,GOOGL
2023-04-13,107.43000030517578,GOOGL
2023-04-14,108.87000274658205,GOOGL
2023-04-17,105.97000122070312,GOOGL
2023-04-18,104.5,GOOGL
2023-04-19,104.18000030517578,GOOGL
2023-04-20,105.29000091552734,GOOGL
2023-04-21,105.41000366210938,GOOGL
2023-04-24,105.97000122070312,GOOGL
2023-04-25,103.8499984741211,GOOGL
2023-04-26,103.70999908447266,GOOGL
2023-04-27,107.58999633789062,GOOGL
2023-04-28,107.33999633789062,GOOGL
2023-05-01,107.1999969482422,GOOGL
2023-05-02,105.31999969482422,GOOGL
2023-05-03,105.41000366210938,GOOGL
2023-05-04,104.69000244140624,GOOGL
2023-05-05,105.56999969482422,GOOGL
2023-05-08,107.7699966430664,GOOGL
2023-05-09,107.3499984741211,GOOGL
2023-05-10,111.75,GOOGL
2023-05-11,116.56999969482422,GOOGL
2023-05-12,117.51000213623048,GOOGL
2023-05-15,116.51000213623048,GOOGL
2023-05-16,119.51000213623048,GOOGL
2023-05-17,120.83999633789062,GOOGL
2023-05-18,122.83000183105467,GOOGL
2023-05-19,122.76000213623048,GOOGL
2022-05-23,111.66649627685548,GOOG
2022-05-24,105.9260025024414,GOOG
2022-05-25,105.8395004272461,GOOG
2022-05-26,108.2959976196289,GOOG
2022-05-27,112.79900360107422,GOOG
2022-05-31,114.03900146484376,GOOG
2022-06-01,114.13700103759766,GOOG
2022-06-02,117.74600219726562,GOOG
2022-06-03,114.56400299072266,GOOG
2022-06-06,117.010498046875,GOOG
2022-06-07,117.22949981689452,GOOG
2022-06-08,117.23799896240234,GOOG
2022-06-09,114.91799926757812,GOOG
2022-06-10,111.42749786376952,GOOG
2022-06-13,106.87650299072266,GOOG
2022-06-14,107.19400024414062,GOOG
2022-06-15,110.3905029296875,GOOG
2022-06-16,106.63600158691406,GOOG
2022-06-17,107.8655014038086,GOOG
2022-06-21,112.01499938964844,GOOG
2022-06-22,112.03399658203124,GOOG
2022-06-23,112.68450164794922,GOOG
2022-06-24,118.53800201416016,GOOG
2022-06-27,116.62249755859376,GOOG
2022-06-28,112.57150268554688,GOOG
2022-06-29,112.25650024414062,GOOG
2022-06-30,109.37249755859376,GOOG
2022-07-01,109.08100128173828,GOOG
2022-07-05,113.88700103759766,GOOG
2022-07-06,115.2135009765625,GOOG
2022-07-07,119.30599975585938,GOOG
2022-07-08,120.1685028076172,GOOG
2022-07-11,116.52249908447266,GOOG
2022-07-12,114.84950256347656,GOOG
2022-07-13,112.18699645996094,GOOG
2022-07-14,111.44000244140624,GOOG
2022-07-15,112.76699829101562,GOOG
2022-07-18,109.91000366210938,GOOG
2022-07-19,114.62000274658205,GOOG
2022-07-20,114.6999969482422,GOOG
2022-07-21,115.04000091552734,GOOG
2022-07-22,108.36000061035156,GOOG
2022-07-25,108.20999908447266,GOOG
2022-07-26,105.44000244140624,GOOG
2022-07-27,113.5999984741211,GOOG
2022-07-28,114.58999633789062,GOOG
2022-07-29,116.63999938964844,GOOG
2022-08-01,115.4800033569336,GOOG
2022-08-02,115.9000015258789,GOOG
2022-08-03,118.77999877929688,GOOG
2022-08-04,118.87000274658205,GOOG
2022-08-05,118.22000122070312,GOOG
2022-08-08,118.13999938964844,GOOG
2022-08-09,117.5,GOOG
2022-08-10,120.6500015258789,GOOG
2022-08-11,119.81999969482422,GOOG
2022-08-12,122.6500015258789,GOOG
2022-08-15,122.87999725341795,GOOG
2022-08-16,122.51000213623048,GOOG
2022-08-17,120.31999969482422,GOOG
2022-08-18,120.86000061035156,GOOG
2022-08-19,118.12000274658205,GOOG
2022-08-22,115.06999969482422,GOOG
2022-08-23,114.7699966430664,GOOG
2022-08-24,114.6999969482422,GOOG
2022-08-25,117.6999969482422,GOOG
2022-08-26,111.3000030517578,GOOG
2022-08-29,110.33999633789062,GOOG
2022-08-30,109.91000366210938,GOOG
2022-08-31,109.1500015258789,GOOG
2022-09-01,110.5500030517578,GOOG
2022-09-02,108.68000030517578,GOOG
2022-09-06,107.4800033569336,GOOG
2022-09-07,110.4800033569336,GOOG
2022-09-08,109.41999816894533,GOOG
2022-09-09,111.77999877929688,GOOG
2022-09-12,111.87000274658205,GOOG
2022-09-13,105.30999755859376,GOOG
2022-09-14,105.87000274658205,GOOG
2022-09-15,103.9000015258789,GOOG
2022-09-16,103.62999725341795,GOOG
2022-09-19,103.8499984741211,GOOG
2022-09-20,101.83000183105467,GOOG
2022-09-21,100.01000213623048,GOOG
2022-09-22,100.56999969482422,GOOG
2022-09-23,99.16999816894533,GOOG
2022-09-26,98.80999755859376,GOOG
2022-09-27,98.08999633789062,GOOG
2022-09-28,100.73999786376952,GOOG
2022-09-29,98.08999633789062,GOOG
2022-09-30,96.1500015258789,GOOG
2022-10-03,99.3000030517578,GOOG
2022-10-04,102.41000366210938,GOOG
2022-10-05,102.22000122070312,GOOG
2022-10-06,102.23999786376952,GOOG
2022-10-07,99.56999969482422,GOOG
2022-10-10,98.70999908447266,GOOG
2022-10-11,98.0500030517578,GOOG
2022-10-12,98.3000030517578,GOOG
2022-10-13,99.70999908447266,GOOG
2022-10-14,97.18000030517578,GOOG
2022-10-17,100.77999877929688,GOOG
2022-10-18,101.38999938964844,GOOG
2022-10-19,100.29000091552734,GOOG
2022-10-20,100.52999877929688,GOOG
2022-10-21,101.4800033569336,GOOG
2022-10-24,102.97000122070312,GOOG
2022-10-25,104.93000030517578,GOOG
2022-10-26,94.81999969482422,GOOG
2022-10-27,92.5999984741211,GOOG
2022-10-28,96.58000183105467,GOOG
2022-10-31,94.66000366210938,GOOG
2022-11-01,90.5,GOOG
2022-11-02,87.06999969482422,GOOG
2022-11-03,83.48999786376953,GOOG
2022-11-04,86.69999694824219,GOOG
2022-11-07,88.6500015258789,GOOG
2022-11-08,88.91000366210938,GOOG
2022-11-09,87.4000015258789,GOOG
2022-11-10,94.16999816894533,GOOG
2022-11-11,96.7300033569336,GOOG
2022-11-14,96.02999877929688,GOOG
2022-11-15,98.72000122070312,GOOG
2022-11-16,98.98999786376952,GOOG
2022-11-17,98.5,GOOG
2022-11-18,97.8000030517578,GOOG
2022-11-21,95.83000183105467,GOOG
2022-11-22,97.33000183105467,GOOG
2022-11-23,98.81999969482422,GOOG
2022-11-25,97.5999984741211,GOOG
2022-11-28,96.25,GOOG
2022-11-29,95.44000244140624,GOOG
2022-11-30,101.4499969482422,GOOG
2022-12-01,101.27999877929688,GOOG
2022-12-02,100.83000183105467,GOOG
2022-12-05,99.87000274658205,GOOG
2022-12-06,97.30999755859376,GOOG
2022-12-07,95.1500015258789,GOOG
2022-12-08,93.9499969482422,GOOG
2022-12-09,93.06999969482422,GOOG
2022-12-12,93.55999755859376,GOOG
2022-12-13,95.8499984741211,GOOG
2022-12-14,95.30999755859376,GOOG
2022-12-15,91.1999969482422,GOOG
2022-12-16,90.86000061035156,GOOG
2022-12-19,89.1500015258789,GOOG
2022-12-20,89.62999725341797,GOOG
2022-12-21,90.25,GOOG
2022-12-22,88.26000213623047,GOOG
2022-12-23,89.80999755859375,GOOG
2022-12-27,87.93000030517578,GOOG
2022-12-28,86.45999908447266,GOOG
2022-12-29,88.94999694824219,GOOG
2022-12-30,88.7300033569336,GOOG
2023-01-03,89.69999694824219,GOOG
2023-01-04,88.70999908447266,GOOG
2023-01-05,86.7699966430664,GOOG
2023-01-06,88.16000366210938,GOOG
2023-01-09,88.80000305175781,GOOG
2023-01-10,89.23999786376953,GOOG
2023-01-11,92.26000213623048,GOOG
2023-01-12,91.91000366210938,GOOG
2023-01-13,92.8000030517578,GOOG
2023-01-17,92.16000366210938,GOOG
2023-01-18,91.77999877929688,GOOG
2023-01-19,93.91000366210938,GOOG
2023-01-20,99.27999877929688,GOOG
2023-01-23,101.20999908447266,GOOG
2023-01-24,99.20999908447266,GOOG
2023-01-25,96.7300033569336,GOOG
2023-01-26,99.16000366210938,GOOG
2023-01-27,100.70999908447266,GOOG
2023-01-30,97.9499969482422,GOOG
2023-01-31,99.87000274658205,GOOG
2023-02-01,101.43000030517578,GOOG
2023-02-02,108.8000030517578,GOOG
2023-02-03,105.22000122070312,GOOG
2023-02-06,103.47000122070312,GOOG
2023-02-07,108.04000091552734,GOOG
2023-02-08,100.0,GOOG
2023-02-09,95.45999908447266,GOOG
2023-02-10,94.86000061035156,GOOG
2023-02-13,95.0,GOOG
2023-02-14,94.9499969482422,GOOG
2023-02-15,97.0999984741211,GOOG
2023-02-16,95.77999877929688,GOOG
2023-02-17,94.58999633789062,GOOG
2023-02-21,92.0500030517578,GOOG
2023-02-22,91.8000030517578,GOOG
2023-02-23,91.06999969482422,GOOG
2023-02-24,89.3499984741211,GOOG
2023-02-27,90.0999984741211,GOOG
2023-02-28,90.3000030517578,GOOG
2023-03-01,90.51000213623048,GOOG
2023-03-02,92.30999755859376,GOOG
2023-03-03,94.0199966430664,GOOG
2023-03-06,95.58000183105467,GOOG
2023-03-07,94.16999816894533,GOOG
2023-03-08,94.6500015258789,GOOG
2023-03-09,92.66000366210938,GOOG
2023-03-10,91.01000213623048,GOOG
2023-03-13,91.66000366210938,GOOG
2023-03-14,94.25,GOOG
2023-03-15,96.5500030517578,GOOG
2023-03-16,101.06999969482422,GOOG
2023-03-17,102.45999908447266,GOOG
2023-03-20,101.93000030517578,GOOG
2023-03-21,105.83999633789062,GOOG
2023-03-22,104.22000122070312,GOOG
2023-03-23,106.26000213623048,GOOG
2023-03-24,106.05999755859376,GOOG
2023-03-27,103.05999755859376,GOOG
2023-03-28,101.36000061035156,GOOG
2023-03-29,101.9000015258789,GOOG
2023-03-30,101.31999969482422,GOOG
2023-03-31,104.0,GOOG
2023-04-03,104.91000366210938,GOOG
2023-04-04,105.12000274658205,GOOG
2023-04-05,104.9499969482422,GOOG
2023-04-06,108.9000015258789,GOOG
2023-04-10,106.9499969482422,GOOG
2023-04-11,106.12000274658205,GOOG
2023-04-12,105.22000122070312,GOOG
2023-04-13,108.19000244140624,GOOG
2023-04-14,109.45999908447266,GOOG
2023-04-17,106.41999816894533,GOOG
2023-04-18,105.12000274658205,GOOG
2023-04-19,105.0199966430664,GOOG
2023-04-20,105.9000015258789,GOOG
2023-04-21,105.91000366210938,GOOG
2023-04-24,106.77999877929688,GOOG
2023-04-25,104.61000061035156,GOOG
2023-04-26,104.4499969482422,GOOG
2023-04-27,108.37000274658205,GOOG
2023-04-28,108.22000122070312,GOOG
2023-05-01,107.70999908447266,GOOG
2023-05-02,105.9800033569336,GOOG
2023-05-03,106.12000274658205,GOOG
2023-05-04,105.20999908447266,GOOG
2023-05-05,106.21499633789062,GOOG
2023-05-08,108.23999786376952,GOOG
2023-05-09,107.94000244140624,GOOG
2023-05-10,112.27999877929688,GOOG
2023-05-11,116.9000015258789,GOOG
2023-05-12,117.91999816894533,GOOG
2023-05-15,116.95999908447266,GOOG
2023-05-16,120.08999633789062,GOOG
2023-05-17,121.4800033569336,GOOG
2023-05-18,123.5199966430664,GOOG
2023-05-19,123.25,GOOG
2022-05-23,168.8222198486328,NVDA
2022-05-24,161.38916015625,NVDA
2022-05-25,169.5915069580078,NVDA
2022-05-26,178.3433074951172,NVDA
2022-05-27,187.93435668945312,NVDA
2022-05-31,186.5456695556641,NVDA
2022-06-01,183.0289459228516,NVDA
2022-06-02,195.737060546875,NVDA
2022-06-03,187.02520751953125,NVDA
2022-06-06,187.68460083007807,NVDA
2022-06-07,189.0832672119141,NVDA
2022-06-08,186.3452606201172,NVDA
2022-06-09,180.349609375,NVDA
2022-06-10,169.61737060546875,NVDA
2022-06-13,156.35696411132812,NVDA
2022-06-14,158.24560546875,NVDA
2022-06-15,165.15060424804688,NVDA
2022-06-16,155.89727783203125,NVDA
2022-06-17,158.68527221679688,NVDA
2022-06-21,165.54031372070312,NVDA
2022-06-22,163.4818115234375,NVDA
2022-06-23,162.1327667236328,NVDA
2022-06-24,171.13626098632812,NVDA
2022-06-27,168.56813049316406,NVDA
2022-06-28,159.70452880859375,NVDA
2022-06-29,155.30770874023438,NVDA
2022-06-30,151.48046875,NVDA
2022-07-01,145.1250762939453,NVDA
2022-07-05,149.53189086914062,NVDA
2022-07-06,151.19068908691406,NVDA
2022-07-07,158.46542358398438,NVDA
2022-07-08,158.26556396484375,NVDA
2022-07-11,151.41053771972656,NVDA
2022-07-12,150.71102905273438,NVDA
2022-07-13,151.5304412841797,NVDA
2022-07-14,153.6089324951172,NVDA
2022-07-15,157.50611877441406,NVDA
2022-07-18,160.89366149902344,NVDA
2022-07-19,169.7972412109375,NVDA
2022-07-20,177.94134521484375,NVDA
2022-07-21,180.36959838867188,NVDA
2022-07-22,173.06488037109375,NVDA
2022-07-25,170.1169891357422,NVDA
2022-07-26,165.21055603027344,NVDA
2022-07-27,177.77145385742188,NVDA
2022-07-28,179.7100830078125,NVDA
2022-07-29,181.4987945556641,NVDA
2022-08-01,184.2767791748047,NVDA
2022-08-02,185.1261444091797,NVDA
2022-08-03,188.7935028076172,NVDA
2022-08-04,192.0111694335937,NVDA
2022-08-05,189.7528076171875,NVDA
2022-08-08,177.80145263671875,NVDA
2022-08-09,170.73655700683594,NVDA
2022-08-10,180.8392639160156,NVDA
2022-08-11,179.29037475585938,NVDA
2022-08-12,186.954833984375,NVDA
2022-08-15,190.18251037597656,NVDA
2022-08-16,188.65359497070312,NVDA
2022-08-17,183.2175445556641,NVDA
2022-08-18,187.5943603515625,NVDA
2022-08-19,178.36105346679688,NVDA
2022-08-22,170.21693420410156,NVDA
2022-08-23,171.6858673095703,NVDA
2022-08-24,172.09556579589844,NVDA
2022-08-25,179.00057983398438,NVDA
2022-08-26,162.48252868652344,NVDA
2022-08-29,157.8958282470703,NVDA
2022-08-30,154.5682373046875,NVDA
2022-08-31,150.83094787597656,NVDA
2022-09-01,139.26930236816406,NVDA
2022-09-02,136.3714141845703,NVDA
2022-09-06,134.55270385742188,NVDA
2022-09-07,137.08163452148438,NVDA
2022-09-08,139.8404541015625,NVDA
2022-09-09,143.8087615966797,NVDA
2022-09-12,144.98828125,NVDA
2022-09-13,131.25411987304688,NVDA
2022-09-14,131.22413635253906,NVDA
2022-09-15,129.2349853515625,NVDA
2022-09-16,131.92384338378906,NVDA
2022-09-19,133.7630615234375,NVDA
2022-09-20,131.70391845703125,NVDA
2022-09-21,132.55357360839844,NVDA
2022-09-22,125.55654907226562,NVDA
2022-09-23,125.10674285888672,NVDA
2022-09-26,122.22796630859376,NVDA
2022-09-27,124.07717895507812,NVDA
2022-09-28,127.30580139160156,NVDA
2022-09-29,122.1479949951172,NVDA
2022-09-30,121.33834838867188,NVDA
2022-10-03,125.06676483154295,NVDA
2022-10-04,131.6139678955078,NVDA
2022-10-05,132.03378295898438,NVDA
2022-10-06,131.24412536621094,NVDA
2022-10-07,120.7086181640625,NVDA
2022-10-10,116.65033721923828,NVDA
2022-10-11,115.81069946289062,NVDA
2022-10-12,114.95106506347656,NVDA
2022-10-13,119.54911041259766,NVDA
2022-10-14,112.22222137451172,NVDA
2022-10-17,118.82941436767578,NVDA
2022-10-18,119.61907196044922,NVDA
2022-10-19,120.4587173461914,NVDA
2022-10-20,121.88811492919922,NVDA
2022-10-21,124.6069564819336,NVDA
2022-10-24,125.9363784790039,NVDA
2022-10-25,132.55357360839844,NVDA
2022-10-26,128.90512084960938,NVDA
2022-10-27,131.70391845703125,NVDA
2022-10-28,138.2811279296875,NVDA
2022-10-31,134.91256713867188,NVDA
2022-11-01,135.3723602294922,NVDA
2022-11-02,132.1337432861328,NVDA
2022-11-03,134.15289306640625,NVDA
2022-11-04,141.499755859375,NVDA
2022-11-07,142.9491424560547,NVDA
2022-11-08,145.95785522460938,NVDA
2022-11-09,137.7013702392578,NVDA
2022-11-10,157.4329833984375,NVDA
2022-11-11,163.2005157470703,NVDA
2022-11-14,162.8806610107422,NVDA
2022-11-15,166.58908081054688,NVDA
2022-11-16,159.0323028564453,NVDA
2022-11-17,156.7032928466797,NVDA
2022-11-18,154.02442932128906,NVDA
2022-11-21,153.10482788085938,NVDA
2022-11-22,160.311767578125,NVDA
2022-11-23,165.1197052001953,NVDA
2022-11-25,162.63076782226562,NVDA
2022-11-28,158.20265197753906,NVDA
2022-11-29,156.32345581054688,NVDA
2022-11-30,169.20126342773438,NVDA
2022-12-01,171.32090759277344,NVDA
2022-12-02,168.73133850097656,NVDA
2022-12-05,166.07179260253906,NVDA
2022-12-06,159.8428497314453,NVDA
2022-12-07,161.17262268066406,NVDA
2022-12-08,171.6608428955078,NVDA
2022-12-09,169.9811248779297,NVDA
2022-12-12,175.3202362060547,NVDA
2022-12-13,180.68931579589844,NVDA
2022-12-14,176.70999145507812,NVDA
2022-12-15,169.4912109375,NVDA
2022-12-16,165.68186950683594,NVDA
2022-12-19,162.51239013671875,NVDA
2022-12-20,160.82269287109375,NVDA
2022-12-21,164.9819793701172,NVDA
2022-12-22,153.36395263671875,NVDA
2022-12-23,152.0341796875,NVDA
2022-12-27,141.18601989746094,NVDA
2022-12-28,140.33616638183594,NVDA
2022-12-29,146.0052032470703,NVDA
2022-12-30,146.1151885986328,NVDA
2023-01-03,143.1256866455078,NVDA
2023-01-04,147.4649658203125,NVDA
2023-01-05,142.62576293945312,NVDA
2023-01-06,148.56475830078125,NVDA
2023-01-09,156.2534637451172,NVDA
2023-01-10,159.06298828125,NVDA
2023-01-11,159.98281860351562,NVDA
2023-01-12,165.08197021484375,NVDA
2023-01-13,168.9613037109375,NVDA
2023-01-17,176.9899444580078,NVDA
2023-01-18,173.74049377441406,NVDA
2023-01-19,167.62152099609375,NVDA
2023-01-20,178.35971069335938,NVDA
2023-01-23,191.8973999023437,NVDA
2023-01-24,192.6172790527344,NVDA
2023-01-25,193.1971893310547,NVDA
2023-01-26,197.9863739013672,NVDA
2023-01-27,203.61541748046875,NVDA
2023-01-30,191.5874481201172,NVDA
2023-01-31,195.3368225097656,NVDA
2023-02-01,209.39442443847656,NVDA
2023-02-02,217.0531311035156,NVDA
2023-02-03,210.96417236328125,NVDA
2023-02-06,210.85418701171875,NVDA
2023-02-07,221.6923370361328,NVDA
2023-02-08,222.0122985839844,NVDA
2023-02-09,223.33206176757807,NVDA
2023-02-10,212.61387634277344,NVDA
2023-02-13,217.843002319336,NVDA
2023-02-14,229.67100524902344,NVDA
2023-02-15,227.60134887695312,NVDA
2023-02-16,219.98263549804688,NVDA
2023-02-17,213.8436889648437,NVDA
2023-02-21,206.51492309570312,NVDA
2023-02-22,207.50474548339844,NVDA
2023-02-23,236.5998077392578,NVDA
2023-02-24,232.82046508789065,NVDA
2023-02-27,234.9700927734375,NVDA
2023-02-28,232.12057495117188,NVDA
2023-03-01,226.9414520263672,NVDA
2023-03-02,233.10040283203125,NVDA
2023-03-03,238.8594207763672,NVDA
2023-03-06,235.5,NVDA
2023-03-07,232.8800048828125,NVDA
2023-03-08,241.8099975585937,NVDA
2023-03-09,234.3600006103516,NVDA
2023-03-10,229.6499938964844,NVDA
2023-03-13,229.66000366210932,NVDA
2023-03-14,240.6300048828125,NVDA
2023-03-15,242.27999877929688,NVDA
2023-03-16,255.41000366210932,NVDA
2023-03-17,257.25,NVDA
2023-03-20,259.0,NVDA
2023-03-21,261.989990234375,NVDA
2023-03-22,264.67999267578125,NVDA
2023-03-23,271.9100036621094,NVDA
2023-03-24,267.7900085449219,NVDA
2023-03-27,265.3099975585937,NVDA
2023-03-28,264.1000061035156,NVDA
2023-03-29,269.8399963378906,NVDA
2023-03-30,273.8299865722656,NVDA
2023-03-31,277.7699890136719,NVDA
2023-04-03,279.6499938964844,NVDA
2023-04-04,274.5299987792969,NVDA
2023-04-05,268.8099975585937,NVDA
2023-04-06,270.3699951171875,NVDA
2023-04-10,275.7900085449219,NVDA
2023-04-11,271.69000244140625,NVDA
2023-04-12,264.95001220703125,NVDA
2023-04-13,264.6300048828125,NVDA
2023-04-14,267.5799865722656,NVDA
2023-04-17,270.0199890136719,NVDA
2023-04-18,276.6700134277344,NVDA
2023-04-19,279.3099975585937,NVDA
2023-04-20,271.0400085449219,NVDA
2023-04-21,271.19000244140625,NVDA
2023-04-24,270.4200134277344,NVDA
2023-04-25,262.4100036621094,NVDA
2023-04-26,269.5599975585937,NVDA
2023-04-27,272.260009765625,NVDA
2023-04-28,277.489990234375,NVDA
2023-05-01,289.1000061035156,NVDA
2023-05-02,282.1000061035156,NVDA
2023-05-03,278.0199890136719,NVDA
2023-05-04,275.6199951171875,NVDA
2023-05-05,286.79998779296875,NVDA
2023-05-08,291.510009765625,NVDA
2023-05-09,285.7099914550781,NVDA
2023-05-10,288.8500061035156,NVDA
2023-05-11,285.7799987792969,NVDA
2023-05-12,283.3999938964844,NVDA
2023-05-15,289.5299987792969,NVDA
2023-05-16,292.1300048828125,NVDA
2023-05-17,301.7799987792969,NVDA
2023-05-18,316.7799987792969,NVDA
2023-05-19,312.6400146484375,NVDA
2022-05-23,310.20001220703125,BRK-B
2022-05-24,309.1700134277344,BRK-B
2022-05-25,308.6400146484375,BRK-B
2022-05-26,312.5,BRK-B
2022-05-27,319.1099853515625,BRK-B
2022-05-31,315.9800109863281,BRK-B
2022-06-01,312.2099914550781,BRK-B
2022-06-02,314.95001220703125,BRK-B
2022-06-03,310.94000244140625,BRK-B
2022-06-06,312.1499938964844,BRK-B
2022-06-07,313.6499938964844,BRK-B
2022-06-08,308.739990234375,BRK-B
2022-06-09,300.79998779296875,BRK-B
2022-06-10,291.7099914550781,BRK-B
2022-06-13,281.5599975585937,BRK-B
2022-06-14,277.6400146484375,BRK-B
2022-06-15,278.92999267578125,BRK-B
2022-06-16,268.5599975585937,BRK-B
2022-06-17,268.0799865722656,BRK-B
2022-06-21,271.7699890136719,BRK-B
2022-06-22,269.7900085449219,BRK-B
2022-06-23,267.5199890136719,BRK-B
2022-06-24,278.2799987792969,BRK-B
2022-06-27,278.3999938964844,BRK-B
2022-06-28,273.8599853515625,BRK-B
2022-06-29,273.489990234375,BRK-B
2022-06-30,273.0199890136719,BRK-B
2022-07-01,277.5,BRK-B
2022-07-05,275.69000244140625,BRK-B
2022-07-06,275.6499938964844,BRK-B
2022-07-07,279.2799987792969,BRK-B
2022-07-08,280.8299865722656,BRK-B
2022-07-11,278.510009765625,BRK-B
2022-07-12,277.2799987792969,BRK-B
2022-07-13,277.4700012207031,BRK-B
2022-07-14,274.4100036621094,BRK-B
2022-07-15,278.4800109863281,BRK-B
2022-07-18,276.260009765625,BRK-B
2022-07-19,283.54998779296875,BRK-B
2022-07-20,286.0400085449219,BRK-B
2022-07-21,286.8500061035156,BRK-B
2022-07-22,285.92999267578125,BRK-B
2022-07-25,287.989990234375,BRK-B
2022-07-26,285.3099975585937,BRK-B
2022-07-27,290.29998779296875,BRK-B
2022-07-28,293.8999938964844,BRK-B
2022-07-29,300.6000061035156,BRK-B
2022-08-01,295.8599853515625,BRK-B
2022-08-02,292.1700134277344,BRK-B
2022-08-03,294.9599914550781,BRK-B
2022-08-04,292.9100036621094,BRK-B
2022-08-05,292.07000732421875,BRK-B
2022-08-08,292.3399963378906,BRK-B
2022-08-09,292.7699890136719,BRK-B
2022-08-10,295.1099853515625,BRK-B
2022-08-11,296.4700012207031,BRK-B
2022-08-12,301.54998779296875,BRK-B
2022-08-15,302.82000732421875,BRK-B
2022-08-16,306.6499938964844,BRK-B
2022-08-17,304.260009765625,BRK-B
2022-08-18,304.2699890136719,BRK-B
2022-08-19,297.2799987792969,BRK-B
2022-08-22,288.69000244140625,BRK-B
2022-08-23,289.6499938964844,BRK-B
2022-08-24,293.5199890136719,BRK-B
2022-08-25,298.1300048828125,BRK-B
2022-08-26,289.9599914550781,BRK-B
2022-08-29,287.45001220703125,BRK-B
2022-08-30,285.4200134277344,BRK-B
2022-08-31,280.79998779296875,BRK-B
2022-09-01,282.42999267578125,BRK-B
2022-09-02,277.6700134277344,BRK-B
2022-09-06,276.5899963378906,BRK-B
2022-09-07,281.0400085449219,BRK-B
2022-09-08,283.3399963378906,BRK-B
2022-09-09,285.7699890136719,BRK-B
2022-09-12,288.510009765625,BRK-B
2022-09-13,278.2900085449219,BRK-B
2022-09-14,278.4200134277344,BRK-B
2022-09-15,276.70001220703125,BRK-B
2022-09-16,274.8099975585937,BRK-B
2022-09-19,278.95001220703125,BRK-B
2022-09-20,277.1300048828125,BRK-B
2022-09-21,270.739990234375,BRK-B
2022-09-22,268.510009765625,BRK-B
2022-09-23,267.7699890136719,BRK-B
2022-09-26,264.32000732421875,BRK-B
2022-09-27,265.4700012207031,BRK-B
2022-09-28,271.7799987792969,BRK-B
2022-09-29,269.5799865722656,BRK-B
2022-09-30,267.0199890136719,BRK-B
2022-10-03,272.79998779296875,BRK-B
2022-10-04,280.489990234375,BRK-B
2022-10-05,279.3599853515625,BRK-B
2022-10-06,276.3099975585937,BRK-B
2022-10-07,269.0400085449219,BRK-B
2022-10-10,266.92999267578125,BRK-B
2022-10-11,267.3099975585937,BRK-B
2022-10-12,264.0,BRK-B
2022-10-13,275.7799987792969,BRK-B
2022-10-14,272.6700134277344,BRK-B
2022-10-17,277.0199890136719,BRK-B
2022-10-18,281.6700134277344,BRK-B
2022-10-19,278.3399963378906,BRK-B
2022-10-20,273.5299987792969,BRK-B
2022-10-21,282.510009765625,BRK-B
2022-10-24,287.4800109863281,BRK-B
2022-10-25,289.239990234375,BRK-B
2022-10-26,288.5199890136719,BRK-B
2022-10-27,289.8800048828125,BRK-B
2022-10-28,299.6300048828125,BRK-B
2022-10-31,295.0899963378906,BRK-B
2022-11-01,294.1300048828125,BRK-B
2022-11-02,289.4599914550781,BRK-B
2022-11-03,283.8500061035156,BRK-B
2022-11-04,287.4700012207031,BRK-B
2022-11-07,290.19000244140625,BRK-B
2022-11-08,292.6099853515625,BRK-B
2022-11-09,288.6499938964844,BRK-B
2022-11-10,303.20001220703125,BRK-B
2022-11-11,309.7200012207031,BRK-B
2022-11-14,308.9100036621094,BRK-B
2022-11-15,309.9800109863281,BRK-B
2022-11-16,308.760009765625,BRK-B
2022-11-17,307.44000244140625,BRK-B
2022-11-18,310.760009765625,BRK-B
2022-11-21,311.20001220703125,BRK-B
2022-11-22,315.760009765625,BRK-B
2022-11-23,316.17999267578125,BRK-B
2022-11-25,317.42999267578125,BRK-B
2022-11-28,313.2699890136719,BRK-B
2022-11-29,315.1300048828125,BRK-B
2022-11-30,318.6000061035156,BRK-B
2022-12-01,315.8399963378906,BRK-B
2022-12-02,316.1499938964844,BRK-B
2022-12-05,310.57000732421875,BRK-B
2022-12-06,307.7799987792969,BRK-B
2022-12-07,305.82000732421875,BRK-B
2022-12-08,305.989990234375,BRK-B
2022-12-09,306.3900146484375,BRK-B
2022-12-12,311.45001220703125,BRK-B
2022-12-13,312.3299865722656,BRK-B
2022-12-14,309.2900085449219,BRK-B
2022-12-15,301.9100036621094,BRK-B
2022-12-16,300.0,BRK-B
2022-12-19,300.0299987792969,BRK-B
2022-12-20,302.0,BRK-B
2022-12-21,307.82000732421875,BRK-B
2022-12-22,302.69000244140625,BRK-B
2022-12-23,306.489990234375,BRK-B
2022-12-27,305.54998779296875,BRK-B
2022-12-28,303.42999267578125,BRK-B
2022-12-29,309.0599975585937,BRK-B
2022-12-30,308.8999938964844,BRK-B
2023-01-03,309.9100036621094,BRK-B
2023-01-04,314.54998779296875,BRK-B
2023-01-05,312.8999938964844,BRK-B
2023-01-06,318.69000244140625,BRK-B
2023-01-09,315.5299987792969,BRK-B
2023-01-10,316.3500061035156,BRK-B
2023-01-11,320.3699951171875,BRK-B
2023-01-12,318.92999267578125,BRK-B
2023-01-13,317.6400146484375,BRK-B
2023-01-17,314.8599853515625,BRK-B
2023-01-18,308.29998779296875,BRK-B
2023-01-19,305.2300109863281,BRK-B
2023-01-20,309.8699951171875,BRK-B
2023-01-23,310.4200134277344,BRK-B
2023-01-24,311.29998779296875,BRK-B
2023-01-25,311.8999938964844,BRK-B
2023-01-26,310.95001220703125,BRK-B
2023-01-27,309.1700134277344,BRK-B
2023-01-30,307.3299865722656,BRK-B
2023-01-31,311.5199890136719,BRK-B
2023-02-01,310.57000732421875,BRK-B
2023-02-02,311.8599853515625,BRK-B
2023-02-03,308.510009765625,BRK-B
2023-02-06,308.42999267578125,BRK-B
2023-02-07,312.9700012207031,BRK-B
2023-02-08,308.4800109863281,BRK-B
2023-02-09,307.2099914550781,BRK-B
2023-02-10,309.8900146484375,BRK-B
2023-02-13,313.739990234375,BRK-B
2023-02-14,310.7900085449219,BRK-B
2023-02-15,309.6300048828125,BRK-B
2023-02-16,308.17999267578125,BRK-B
2023-02-17,308.239990234375,BRK-B
2023-02-21,302.7200012207031,BRK-B
2023-02-22,303.1600036621094,BRK-B
2023-02-23,303.07000732421875,BRK-B
2023-02-24,304.0199890136719,BRK-B
2023-02-27,304.6600036621094,BRK-B
2023-02-28,305.17999267578125,BRK-B
2023-03-01,304.6199951171875,BRK-B
2023-03-02,307.75,BRK-B
2023-03-03,312.45001220703125,BRK-B
2023-03-06,316.9700012207031,BRK-B
2023-03-07,311.1199951171875,BRK-B
2023-03-08,311.3699951171875,BRK-B
2023-03-09,304.82000732421875,BRK-B
2023-03-10,303.6300048828125,BRK-B
2023-03-13,302.8800048828125,BRK-B
2023-03-14,305.3299865722656,BRK-B
2023-03-15,297.8800048828125,BRK-B
2023-03-16,302.010009765625,BRK-B
2023-03-17,293.510009765625,BRK-B
2023-03-20,301.0599975585937,BRK-B
2023-03-21,303.8500061035156,BRK-B
2023-03-22,299.7300109863281,BRK-B
2023-03-23,298.3699951171875,BRK-B
2023-03-24,298.9200134277344,BRK-B
2023-03-27,302.1400146484375,BRK-B
2023-03-28,302.32000732421875,BRK-B
2023-03-29,305.29998779296875,BRK-B
2023-03-30,305.0799865722656,BRK-B
2023-03-31,308.7699890136719,BRK-B
2023-04-03,310.3099975585937,BRK-B
2023-04-04,309.07000732421875,BRK-B
2023-04-05,310.3900146484375,BRK-B
2023-04-06,312.510009765625,BRK-B
2023-04-10,312.6199951171875,BRK-B
2023-04-11,313.70001220703125,BRK-B
2023-04-12,314.54998779296875,BRK-B
2023-04-13,318.04998779296875,BRK-B
2023-04-14,319.739990234375,BRK-B
2023-04-17,323.7900085449219,BRK-B
2023-04-18,324.6300048828125,BRK-B
2023-04-19,323.0899963378906,BRK-B
2023-04-20,323.82000732421875,BRK-B
2023-04-21,324.3299865722656,BRK-B
2023-04-24,326.04998779296875,BRK-B
2023-04-25,324.3399963378906,BRK-B
2023-04-26,320.5299987792969,BRK-B
2023-04-27,326.2300109863281,BRK-B
2023-04-28,328.54998779296875,BRK-B
2023-05-01,330.1700134277344,BRK-B
2023-05-02,325.8599853515625,BRK-B
2023-05-03,323.2200012207031,BRK-B
2023-05-04,320.0,BRK-B
2023-05-05,323.8800048828125,BRK-B
2023-05-08,326.1400146484375,BRK-B
2023-05-09,324.8699951171875,BRK-B
2023-05-10,322.989990234375,BRK-B
2023-05-11,322.6400146484375,BRK-B
2023-05-12,322.489990234375,BRK-B
2023-05-15,323.5299987792969,BRK-B
2023-05-16,323.75,BRK-B
2023-05-17,327.3900146484375,BRK-B
2023-05-18,329.760009765625,BRK-B
2023-05-19,330.3900146484375,BRK-B
2022-05-23,196.22999572753903,META
2022-05-24,181.27999877929688,META
2022-05-25,183.8300018310547,META
2022-05-26,191.6300048828125,META
2022-05-27,195.1300048828125,META
2022-05-31,193.63999938964844,META
2022-06-01,188.63999938964844,META
2022-06-02,198.8600006103516,META
2022-06-03,190.77999877929688,META
2022-06-06,194.25,META
2022-06-07,195.6499938964844,META
2022-06-08,196.63999938964844,META
2022-06-09,184.0,META
2022-06-10,175.57000732421875,META
2022-06-13,164.25999450683594,META
2022-06-14,163.72999572753906,META
2022-06-15,169.35000610351562,META
2022-06-16,160.8699951171875,META
2022-06-17,163.74000549316406,META
2022-06-21,157.0500030517578,META
2022-06-22,155.85000610351562,META
2022-06-23,158.75,META
2022-06-24,170.16000366210938,META
2022-06-27,169.49000549316406,META
2022-06-28,160.67999267578125,META
2022-06-29,163.94000244140625,META
2022-06-30,161.25,META
2022-07-01,160.02999877929688,META
2022-07-05,168.19000244140625,META
2022-07-06,169.77000427246094,META
2022-07-07,172.19000244140625,META
2022-07-08,170.8800048828125,META
2022-07-11,162.8800048828125,META
2022-07-12,163.27000427246094,META
2022-07-13,163.49000549316406,META
2022-07-14,158.0500030517578,META
2022-07-15,164.6999969482422,META
2022-07-18,167.22999572753906,META
2022-07-19,175.77999877929688,META
2022-07-20,183.08999633789065,META
2022-07-21,183.1699981689453,META
2022-07-22,169.27000427246094,META
2022-07-25,166.64999389648438,META
2022-07-26,159.14999389648438,META
2022-07-27,169.5800018310547,META
2022-07-28,160.72000122070312,META
2022-07-29,159.10000610351562,META
2022-08-01,159.92999267578125,META
2022-08-02,160.19000244140625,META
2022-08-03,168.8000030517578,META
2022-08-04,170.57000732421875,META
2022-08-05,167.11000061035156,META
2022-08-08,170.25,META
2022-08-09,168.52999877929688,META
2022-08-10,178.33999633789062,META
2022-08-11,177.49000549316406,META
2022-08-12,180.5,META
2022-08-15,180.88999938964844,META
2022-08-16,179.47000122070312,META
2022-08-17,174.85000610351562,META
2022-08-18,174.66000366210938,META
2022-08-19,167.9600067138672,META
2022-08-22,163.0500030517578,META
2022-08-23,161.11000061035156,META
2022-08-24,163.25999450683594,META
2022-08-25,168.77999877929688,META
2022-08-26,161.77999877929688,META
2022-08-29,159.1699981689453,META
2022-08-30,157.16000366210938,META
2022-08-31,162.92999267578125,META
2022-09-01,165.36000061035156,META
2022-09-02,160.32000732421875,META
2022-09-06,158.5399932861328,META
2022-09-07,160.38999938964844,META
2022-09-08,162.05999755859375,META
2022-09-09,169.14999389648438,META
2022-09-12,168.9600067138672,META
2022-09-13,153.1300048828125,META
2022-09-14,151.47000122070312,META
2022-09-15,149.5500030517578,META
2022-09-16,146.2899932861328,META
2022-09-19,148.02000427246094,META
2022-09-20,146.08999633789062,META
2022-09-21,142.1199951171875,META
2022-09-22,142.82000732421875,META
2022-09-23,140.41000366210938,META
2022-09-26,136.3699951171875,META
2022-09-27,134.39999389648438,META
2022-09-28,141.61000061035156,META
2022-09-29,136.41000366210938,META
2022-09-30,135.67999267578125,META
2022-10-03,138.61000061035156,META
2022-10-04,140.27999877929688,META
2022-10-05,138.97999572753906,META
2022-10-06,139.07000732421875,META
2022-10-07,133.4499969482422,META
2022-10-10,133.7899932861328,META
2022-10-11,128.5399932861328,META
2022-10-12,127.5,META
2022-10-13,130.2899932861328,META
2022-10-14,126.76000213623048,META
2022-10-17,134.0399932861328,META
2022-10-18,132.8000030517578,META
2022-10-19,133.22999572753906,META
2022-10-20,131.52999877929688,META
2022-10-21,130.00999450683594,META
2022-10-24,129.72000122070312,META
2022-10-25,137.50999450683594,META
2022-10-26,129.82000732421875,META
2022-10-27,97.94000244140624,META
2022-10-28,99.1999969482422,META
2022-10-31,93.16000366210938,META
2022-11-01,95.1999969482422,META
2022-11-02,90.54000091552734,META
2022-11-03,88.91000366210938,META
2022-11-04,90.79000091552734,META
2022-11-07,96.72000122070312,META
2022-11-08,96.47000122070312,META
2022-11-09,101.47000122070312,META
2022-11-10,111.87000274658205,META
2022-11-11,113.0199966430664,META
2022-11-14,114.22000122070312,META
2022-11-15,117.08000183105467,META
2022-11-16,113.2300033569336,META
2022-11-17,111.4499969482422,META
2022-11-18,112.0500030517578,META
2022-11-21,109.86000061035156,META
2022-11-22,111.44000244140624,META
2022-11-23,112.23999786376952,META
2022-11-25,111.41000366210938,META
2022-11-28,108.77999877929688,META
2022-11-29,109.45999908447266,META
2022-11-30,118.0999984741211,META
2022-12-01,120.44000244140624,META
2022-12-02,123.48999786376952,META
2022-12-05,122.43000030517578,META
2022-12-06,114.12000274658205,META
2022-12-07,113.93000030517578,META
2022-12-08,115.33000183105467,META
2022-12-09,115.9000015258789,META
2022-12-12,114.70999908447266,META
2022-12-13,120.1500015258789,META
2022-12-14,121.58999633789062,META
2022-12-15,116.1500015258789,META
2022-12-16,119.43000030517578,META
2022-12-19,114.4800033569336,META
2022-12-20,117.08999633789062,META
2022-12-21,119.76000213623048,META
2022-12-22,117.12000274658205,META
2022-12-23,118.04000091552734,META
2022-12-27,116.87999725341795,META
2022-12-28,115.62000274658205,META
2022-12-29,120.26000213623048,META
2022-12-30,120.33999633789062,META
2023-01-03,124.73999786376952,META
2023-01-04,127.37000274658205,META
2023-01-05,126.94000244140624,META
2023-01-06,130.02000427246094,META
2023-01-09,129.47000122070312,META
2023-01-10,132.99000549316406,META
2023-01-11,132.88999938964844,META
2023-01-12,136.7100067138672,META
2023-01-13,136.97999572753906,META
2023-01-17,135.36000061035156,META
2023-01-18,133.02000427246094,META
2023-01-19,136.14999389648438,META
2023-01-20,139.3699951171875,META
2023-01-23,143.27000427246094,META
2023-01-24,143.13999938964844,META
2023-01-25,141.5,META
2023-01-26,147.3000030517578,META
2023-01-27,151.74000549316406,META
2023-01-30,147.05999755859375,META
2023-01-31,148.97000122070312,META
2023-02-01,153.1199951171875,META
2023-02-02,188.7700042724609,META
2023-02-03,186.52999877929688,META
2023-02-06,186.0599975585937,META
2023-02-07,191.6199951171875,META
2023-02-08,183.42999267578125,META
2023-02-09,177.9199981689453,META
2023-02-10,174.14999389648438,META
2023-02-13,179.42999267578125,META
2023-02-14,179.47999572753906,META
2023-02-15,177.16000366210938,META
2023-02-16,172.44000244140625,META
2023-02-17,172.8800048828125,META
2023-02-21,172.0800018310547,META
2023-02-22,171.1199951171875,META
2023-02-23,172.0399932861328,META
2023-02-24,170.38999938964844,META
2023-02-27,169.5399932861328,META
2023-02-28,174.94000244140625,META
2023-03-01,173.4199981689453,META
2023-03-02,174.52999877929688,META
2023-03-03,185.25,META
2023-03-06,184.8999938964844,META
2023-03-07,184.509994506836,META
2023-03-08,184.97000122070312,META
2023-03-09,181.69000244140625,META
2023-03-10,179.50999450683594,META
2023-03-13,180.8999938964844,META
2023-03-14,194.0200042724609,META
2023-03-15,197.75,META
2023-03-16,204.92999267578125,META
2023-03-17,195.6100006103516,META
2023-03-20,197.8099975585937,META
2023-03-21,202.16000366210932,META
2023-03-22,199.8099975585937,META
2023-03-23,204.27999877929688,META
2023-03-24,206.009994506836,META
2023-03-27,202.83999633789065,META
2023-03-28,200.67999267578125,META
2023-03-29,205.3500061035156,META
2023-03-30,207.83999633789065,META
2023-03-31,211.94000244140625,META
2023-04-03,213.07000732421875,META
2023-04-04,214.72000122070312,META
2023-04-05,211.47999572753903,META
2023-04-06,216.1000061035156,META
2023-04-10,214.75,META
2023-04-11,213.8500061035156,META
2023-04-12,214.0,META
2023-04-13,220.3500061035156,META
2023-04-14,221.4900054931641,META
2023-04-17,218.8600006103516,META
2023-04-18,217.88999938964844,META
2023-04-19,215.6999969482422,META
2023-04-20,213.07000732421875,META
2023-04-21,212.88999938964844,META
2023-04-24,212.7899932861328,META
2023-04-25,207.5500030517578,META
2023-04-26,209.3999938964844,META
2023-04-27,238.5599975585937,META
2023-04-28,240.32000732421875,META
2023-05-01,243.17999267578125,META
2023-05-02,239.2400054931641,META
2023-05-03,237.02999877929688,META
2023-05-04,233.5200042724609,META
2023-05-05,232.77999877929688,META
2023-05-08,233.2700042724609,META
2023-05-09,233.3699951171875,META
2023-05-10,233.0800018310547,META
2023-05-11,235.7899932861328,META
2023-05-12,233.8099975585937,META
2023-05-15,238.8600006103516,META
2023-05-16,238.82000732421875,META
2023-05-17,242.4900054931641,META
2023-05-18,246.8500061035156,META
2023-05-19,245.63999938964844,META
2022-05-23,485.5660400390625,UNH
2022-05-24,490.9734802246094,UNH
2022-05-25,491.4964904785156,UNH
2022-05-26,495.5816955566406,UNH
2022-05-27,500.3970642089844,UNH
2022-05-31,490.203857421875,UNH
2022-06-01,486.0298461914063,UNH
2022-06-02,485.7436828613281,UNH
2022-06-03,479.18170166015625,UNH
2022-06-06,483.6911926269531,UNH
2022-06-07,490.51959228515625,UNH
2022-06-08,486.9968566894531,UNH
2022-06-09,482.95111083984375,UNH
2022-06-10,478.2146606445313,UNH
2022-06-13,463.4823303222656,UNH
2022-06-14,455.6375427246094,UNH
2022-06-15,458.1833801269531,UNH
2022-06-16,451.6574401855469,UNH
2022-06-17,447.6665954589844,UNH
2022-06-21,475.6519470214844,UNH
2022-06-22,484.9209899902344,UNH
2022-06-23,494.95257568359375,UNH
2022-06-24,490.8230895996094,UNH
2022-06-27,500.7456665039063,UNH
2022-06-28,503.4986572265625,UNH
2022-06-29,510.6980590820313,UNH
2022-06-30,508.6382141113281,UNH
2022-07-01,512.3716430664062,UNH
2022-07-05,500.3297729492188,UNH
2022-07-06,510.2821044921875,UNH
2022-07-07,509.3809814453125,UNH
2022-07-08,513.5896606445312,UNH
2022-07-11,511.9259948730469,UNH
2022-07-12,509.4205627441406,UNH
2022-07-13,496.36865234375,UNH
2022-07-14,497.5470886230469,UNH
2022-07-15,524.6016235351562,UNH
2022-07-18,514.3223876953125,UNH
2022-07-19,528.265625,UNH
2022-07-20,514.4214477539062,UNH
2022-07-21,517.3824462890625,UNH
2022-07-22,516.3426513671875,UNH
2022-07-25,524.3242797851562,UNH
2022-07-26,526.4237060546875,UNH
2022-07-27,529.414306640625,UNH
2022-07-28,536.2274780273438,UNH
2022-07-29,537.0692749023438,UNH
2022-08-01,530.1768188476562,UNH
2022-08-02,530.256103515625,UNH
2022-08-03,535.3956909179688,UNH
2022-08-04,528.5626220703125,UNH
2022-08-05,529.8599243164062,UNH
2022-08-08,531.385009765625,UNH
2022-08-09,532.0386352539062,UNH
2022-08-10,532.4940795898438,UNH
2022-08-11,527.6813354492188,UNH
2022-08-12,538.4159545898438,UNH
2022-08-15,539.3468627929688,UNH
2022-08-16,540.8125,UNH
2022-08-17,539.703369140625,UNH
2022-08-18,539.9212036132812,UNH
2022-08-19,542.9910888671875,UNH
2022-08-22,539.277587890625,UNH
2022-08-23,530.5927734375,UNH
2022-08-24,531.2463989257812,UNH
2022-08-25,536.3067626953125,UNH
2022-08-26,524.1063842773438,UNH
2022-08-29,524.6213989257812,UNH
2022-08-30,517.7587890625,UNH
2022-08-31,514.2828369140625,UNH
2022-09-01,518.907470703125,UNH
2022-09-02,511.3317260742188,UNH
2022-09-06,512.6488647460938,UNH
2022-09-07,516.6099853515625,UNH
2022-09-08,522.3833618164062,UNH
2022-09-09,520.8734130859375,UNH
2022-09-12,527.7377319335938,UNH
2022-09-13,510.5620727539063,UNH
2022-09-14,506.3997497558594,UNH
2022-09-15,519.4528198242188,UNH
2022-09-16,517.5753784179688,UNH
2022-09-19,520.088623046875,UNH
2022-09-20,519.3435668945312,UNH
2022-09-21,508.6944885253906,UNH
2022-09-22,514.0389404296875,UNH
2022-09-23,510.21429443359375,UNH
2022-09-26,504.9990539550781,UNH
2022-09-27,505.0090026855469,UNH
2022-09-28,510.5421752929688,UNH
2022-09-29,505.4659423828125,UNH
2022-09-30,501.7010192871094,UNH
2022-10-03,512.101806640625,UNH
2022-10-04,519.7111206054688,UNH
2022-10-05,523.5853881835938,UNH
2022-10-06,515.6978759765625,UNH
2022-10-07,501.5122680664063,UNH
2022-10-10,495.5618286132813,UNH
2022-10-11,496.5055847167969,UNH
2022-10-12,496.6545715332031,UNH
2022-10-13,506.5387878417969,UNH
2022-10-14,509.7375183105469,UNH
2022-10-17,518.4296875,UNH
2022-10-18,518.7575073242188,UNH
2022-10-19,516.8800048828125,UNH
2022-10-20,517.436279296875,UNH
2022-10-21,530.2012939453125,UNH
2022-10-24,538.019287109375,UNH
2022-10-25,536.6484375,UNH
2022-10-26,539.5789184570312,UNH
2022-10-27,538.2179565429688,UNH
2022-10-28,547.5955810546875,UNH
2022-10-31,551.479736328125,UNH
2022-11-01,543.6915893554688,UNH
2022-11-02,539.8372192382812,UNH
2022-11-03,540.0159912109375,UNH
2022-11-04,534.6119384765625,UNH
2022-11-07,541.4166870117188,UNH
2022-11-08,549.3936157226562,UNH
2022-11-09,537.08544921875,UNH
2022-11-10,540.5723266601562,UNH
2022-11-11,518.6283569335938,UNH
2022-11-14,510.3533935546875,UNH
2022-11-15,499.6844177246094,UNH
2022-11-16,508.1381530761719,UNH
2022-11-17,511.9031066894531,UNH
2022-11-18,526.4959716796875,UNH
2022-11-21,513.7706909179688,UNH
2022-11-22,519.6317138671875,UNH
2022-11-23,526.2079467773438,UNH
2022-11-25,534.0656127929688,UNH
2022-11-28,528.7509765625,UNH
2022-11-29,524.5092163085938,UNH
2022-11-30,544.1385498046875,UNH
2022-12-01,533.3602294921875,UNH
2022-12-02,534.257080078125,UNH
2022-12-05,533.1410522460938,UNH
2022-12-06,537.4058837890625,UNH
2022-12-07,540.983154296875,UNH
2022-12-08,545.975341796875,UNH
2022-12-09,537.2863159179688,UNH
2022-12-12,543.9226684570312,UNH
2022-12-13,536.3097534179688,UNH
2022-12-14,536.4492797851562,UNH
2022-12-15,525.8071899414062,UNH
2022-12-16,521.8413696289062,UNH
2022-12-19,521.7416381835938,UNH
2022-12-20,518.36376953125,UNH
2022-12-21,525.6676635742188,UNH
2022-12-22,525.2193603515625,UNH
2022-12-23,529.42431640625,UNH
2022-12-27,530.1019287109375,UNH
2022-12-28,526.574462890625,UNH
2022-12-29,527.9993896484375,UNH
2022-12-30,528.29833984375,UNH
2023-01-03,516.79931640625,UNH
2023-01-04,502.70947265625,UNH
2023-01-05,488.2210693359375,UNH
2023-01-06,488.2609558105469,UNH
2023-01-09,488.32073974609375,UNH
2023-01-10,484.275146484375,UNH
2023-01-11,491.64886474609375,UNH
2023-01-12,493.9108276367188,UNH
2023-01-13,487.8324890136719,UNH
2023-01-17,483.3583984375,UNH
2023-01-18,474.5497741699219,UNH
2023-01-19,482.6409301757813,UNH
2023-01-20,484.9925842285156,UNH
2023-01-23,484.0858154296875,UNH
2023-01-24,489.8552551269531,UNH
2023-01-25,490.7520751953125,UNH
2023-01-26,490.7321472167969,UNH
2023-01-27,484.324951171875,UNH
2023-01-30,484.0658874511719,UNH
2023-01-31,497.4183349609375,UNH
2023-02-01,495.236083984375,UNH
2023-02-02,469.1589660644531,UNH
2023-02-03,470.3447570800781,UNH
2023-02-06,473.5533142089844,UNH
2023-02-07,475.1875,UNH
2023-02-08,481.5050048828125,UNH
2023-02-09,484.006103515625,UNH
2023-02-10,492.495849609375,UNH
2023-02-13,493.5919494628906,UNH
2023-02-14,491.0808715820313,UNH
2023-02-15,489.5065002441406,UNH
2023-02-16,485.620361328125,UNH
2023-02-17,497.3087158203125,UNH
2023-02-21,489.5662841796875,UNH
2023-02-22,487.1549072265625,UNH
2023-02-23,489.9449462890625,UNH
2023-02-24,482.6110534667969,UNH
2023-02-27,481.6046447753906,UNH
2023-02-28,474.2508544921875,UNH
2023-03-01,473.5333862304688,UNH
2023-03-02,476.0046081542969,UNH
2023-03-03,476.8615417480469,UNH
2023-03-06,479.07366943359375,UNH
2023-03-07,472.1981506347656,UNH
2023-03-08,468.9298095703125,UNH
2023-03-09,463.2599792480469,UNH
2023-03-10,460.3299865722656,UNH
2023-03-13,463.6799926757813,UNH
2023-03-14,464.5799865722656,UNH
2023-03-15,465.4299926757813,UNH
2023-03-16,472.0199890136719,UNH
2023-03-17,469.5,UNH
2023-03-20,476.9599914550781,UNH
2023-03-21,480.1000061035156,UNH
2023-03-22,475.5199890136719,UNH
2023-03-23,469.9100036621094,UNH
2023-03-24,475.989990234375,UNH
2023-03-27,481.8999938964844,UNH
2023-03-28,472.5799865722656,UNH
2023-03-29,466.5899963378906,UNH
2023-03-30,470.05999755859375,UNH
2023-03-31,472.5899963378906,UNH
2023-04-03,494.1900024414063,UNH
2023-04-04,493.25,UNH
2023-04-05,509.2300109863281,UNH
2023-04-06,512.8099975585938,UNH
2023-04-10,515.1799926757812,UNH
2023-04-11,520.969970703125,UNH
2023-04-12,521.1900024414062,UNH
2023-04-13,526.22998046875,UNH
2023-04-14,511.7900085449219,UNH
2023-04-17,505.3500061035156,UNH
2023-04-18,504.4800109863281,UNH
2023-04-19,486.2000122070313,UNH
2023-04-20,487.4599914550781,UNH
2023-04-21,483.8200073242188,UNH
2023-04-24,488.9400024414063,UNH
2023-04-25,491.9200134277344,UNH
2023-04-26,482.9500122070313,UNH
2023-04-27,490.4700012207031,UNH
2023-04-28,492.0899963378906,UNH
2023-05-01,495.7000122070313,UNH
2023-05-02,493.3900146484375,UNH
2023-05-03,489.4400024414063,UNH
2023-05-04,487.2799987792969,UNH
2023-05-05,494.2799987792969,UNH
2023-05-08,492.6199951171875,UNH
2023-05-09,490.3800048828125,UNH
2023-05-10,490.0700073242188,UNH
2023-05-11,488.760009765625,UNH
2023-05-12,491.2300109863281,UNH
2023-05-15,486.8599853515625,UNH
2023-05-16,479.7200012207031,UNH
2023-05-17,484.80999755859375,UNH
2023-05-18,479.2300109863281,UNH
2023-05-19,478.8200073242188,UNH
2022-05-23,3973.75,^GSPC
2022-05-24,3941.47998046875,^GSPC
2022-05-25,3978.72998046875,^GSPC
2022-05-26,4057.840087890625,^GSPC
2022-05-27,4158.240234375,^GSPC
2022-05-31,4132.14990234375,^GSPC
2022-06-01,4101.22998046875,^GSPC
2022-06-02,4176.81982421875,^GSPC
2022-06-03,4108.5400390625,^GSPC
2022-06-06,4121.43017578125,^GSPC
2022-06-07,4160.68017578125,^GSPC
2022-06-08,4115.77001953125,^GSPC
2022-06-09,4017.820068359375,^GSPC
2022-06-10,3900.860107421875,^GSPC
2022-06-13,3749.6298828125,^GSPC
2022-06-14,3735.47998046875,^GSPC
2022-06-15,3789.989990234375,^GSPC
2022-06-16,3666.77001953125,^GSPC
2022-06-17,3674.840087890625,^GSPC
2022-06-21,3764.7900390625,^GSPC
2022-06-22,3759.889892578125,^GSPC
2022-06-23,3795.72998046875,^GSPC
2022-06-24,3911.739990234375,^GSPC
2022-06-27,3900.110107421875,^GSPC
2022-06-28,3821.550048828125,^GSPC
2022-06-29,3818.830078125,^GSPC
2022-06-30,3785.3798828125,^GSPC
2022-07-01,3825.330078125,^GSPC
2022-07-05,3831.389892578125,^GSPC
2022-07-06,3845.080078125,^GSPC
2022-07-07,3902.6201171875,^GSPC
2022-07-08,3899.3798828125,^GSPC
2022-07-11,3854.429931640625,^GSPC
2022-07-12,3818.800048828125,^GSPC
2022-07-13,3801.780029296875,^GSPC
2022-07-14,3790.3798828125,^GSPC
2022-07-15,3863.159912109375,^GSPC
2022-07-18,3830.85009765625,^GSPC
2022-07-19,3936.68994140625,^GSPC
2022-07-20,3959.89990234375,^GSPC
2022-07-21,3998.949951171875,^GSPC
2022-07-22,3961.6298828125,^GSPC
2022-07-25,3966.840087890625,^GSPC
2022-07-26,3921.050048828125,^GSPC
2022-07-27,4023.610107421875,^GSPC
2022-07-28,4072.429931640625,^GSPC
2022-07-29,4130.2900390625,^GSPC
2022-08-01,4118.6298828125,^GSPC
2022-08-02,4091.18994140625,^GSPC
2022-08-03,4155.169921875,^GSPC
2022-08-04,4151.93994140625,^GSPC
2022-08-05,4145.18994140625,^GSPC
2022-08-08,4140.06005859375,^GSPC
2022-08-09,4122.47021484375,^GSPC
2022-08-10,4210.240234375,^GSPC
2022-08-11,4207.27001953125,^GSPC
2022-08-12,4280.14990234375,^GSPC
2022-08-15,4297.14013671875,^GSPC
2022-08-16,4305.2001953125,^GSPC
2022-08-17,4274.0400390625,^GSPC
2022-08-18,4283.740234375,^GSPC
2022-08-19,4228.47998046875,^GSPC
2022-08-22,4137.990234375,^GSPC
2022-08-23,4128.72998046875,^GSPC
2022-08-24,4140.77001953125,^GSPC
2022-08-25,4199.1201171875,^GSPC
2022-08-26,4057.659912109375,^GSPC
2022-08-29,4030.610107421875,^GSPC
2022-08-30,3986.159912109375,^GSPC
2022-08-31,3955.0,^GSPC
2022-09-01,3966.85009765625,^GSPC
2022-09-02,3924.260009765625,^GSPC
2022-09-06,3908.18994140625,^GSPC
2022-09-07,3979.8701171875,^GSPC
2022-09-08,4006.179931640625,^GSPC
2022-09-09,4067.360107421875,^GSPC
2022-09-12,4110.41015625,^GSPC
2022-09-13,3932.68994140625,^GSPC
2022-09-14,3946.010009765625,^GSPC
2022-09-15,3901.35009765625,^GSPC
2022-09-16,3873.330078125,^GSPC
2022-09-19,3899.889892578125,^GSPC
2022-09-20,3855.929931640625,^GSPC
2022-09-21,3789.929931640625,^GSPC
2022-09-22,3757.989990234375,^GSPC
2022-09-23,3693.22998046875,^GSPC
2022-09-26,3655.0400390625,^GSPC
2022-09-27,3647.2900390625,^GSPC
2022-09-28,3719.0400390625,^GSPC
2022-09-29,3640.469970703125,^GSPC
2022-09-30,3585.6201171875,^GSPC
2022-10-03,3678.429931640625,^GSPC
2022-10-04,3790.929931640625,^GSPC
2022-10-05,3783.280029296875,^GSPC
2022-10-06,3744.52001953125,^GSPC
2022-10-07,3639.659912109375,^GSPC
2022-10-10,3612.389892578125,^GSPC
2022-10-11,3588.840087890625,^GSPC
2022-10-12,3577.030029296875,^GSPC
2022-10-13,3669.909912109375,^GSPC
2022-10-14,3583.070068359375,^GSPC
2022-10-17,3677.949951171875,^GSPC
2022-10-18,3719.97998046875,^GSPC
2022-10-19,3695.159912109375,^GSPC
2022-10-20,3665.780029296875,^GSPC
2022-10-21,3752.75,^GSPC
2022-10-24,3797.340087890625,^GSPC
2022-10-25,3859.110107421875,^GSPC
2022-10-26,3830.60009765625,^GSPC
2022-10-27,3807.300048828125,^GSPC
2022-10-28,3901.06005859375,^GSPC
2022-10-31,3871.97998046875,^GSPC
2022-11-01,3856.10009765625,^GSPC
2022-11-02,3759.68994140625,^GSPC
2022-11-03,3719.889892578125,^GSPC
2022-11-04,3770.550048828125,^GSPC
2022-11-07,3806.800048828125,^GSPC
2022-11-08,3828.110107421875,^GSPC
2022-11-09,3748.570068359375,^GSPC
2022-11-10,3956.3701171875,^GSPC
2022-11-11,3992.929931640625,^GSPC
2022-11-14,3957.25,^GSPC
2022-11-15,3991.72998046875,^GSPC
2022-11-16,3958.7900390625,^GSPC
2022-11-17,3946.56005859375,^GSPC
2022-11-18,3965.340087890625,^GSPC
2022-11-21,3949.93994140625,^GSPC
2022-11-22,4003.580078125,^GSPC
2022-11-23,4027.260009765625,^GSPC
2022-11-25,4026.1201171875,^GSPC
2022-11-28,3963.93994140625,^GSPC
2022-11-29,3957.6298828125,^GSPC
2022-11-30,4080.110107421875,^GSPC
2022-12-01,4076.570068359375,^GSPC
2022-12-02,4071.699951171875,^GSPC
2022-12-05,3998.840087890625,^GSPC
2022-12-06,3941.260009765625,^GSPC
2022-12-07,3933.919921875,^GSPC
2022-12-08,3963.510009765625,^GSPC
2022-12-09,3934.3798828125,^GSPC
2022-12-12,3990.56005859375,^GSPC
2022-12-13,4019.64990234375,^GSPC
2022-12-14,3995.320068359375,^GSPC
2022-12-15,3895.75,^GSPC
2022-12-16,3852.360107421875,^GSPC
2022-12-19,3817.659912109375,^GSPC
2022-12-20,3821.6201171875,^GSPC
2022-12-21,3878.43994140625,^GSPC
2022-12-22,3822.389892578125,^GSPC
2022-12-23,3844.820068359375,^GSPC
2022-12-27,3829.25,^GSPC
2022-12-28,3783.219970703125,^GSPC
2022-12-29,3849.280029296875,^GSPC
2022-12-30,3839.5,^GSPC
2023-01-03,3824.139892578125,^GSPC
2023-01-04,3852.969970703125,^GSPC
2023-01-05,3808.10009765625,^GSPC
2023-01-06,3895.080078125,^GSPC
2023-01-09,3892.090087890625,^GSPC
2023-01-10,3919.25,^GSPC
2023-01-11,3969.610107421875,^GSPC
2023-01-12,3983.169921875,^GSPC
2023-01-13,3999.090087890625,^GSPC
2023-01-17,3990.969970703125,^GSPC
2023-01-18,3928.860107421875,^GSPC
2023-01-19,3898.85009765625,^GSPC
2023-01-20,3972.610107421875,^GSPC
2023-01-23,4019.81005859375,^GSPC
2023-01-24,4016.949951171875,^GSPC
2023-01-25,4016.219970703125,^GSPC
2023-01-26,4060.429931640625,^GSPC
2023-01-27,4070.56005859375,^GSPC
2023-01-30,4017.77001953125,^GSPC
2023-01-31,4076.60009765625,^GSPC
2023-02-01,4119.2099609375,^GSPC
2023-02-02,4179.759765625,^GSPC
2023-02-03,4136.47998046875,^GSPC
2023-02-06,4111.080078125,^GSPC
2023-02-07,4164.0,^GSPC
2023-02-08,4117.85986328125,^GSPC
2023-02-09,4081.5,^GSPC
2023-02-10,4090.4599609375,^GSPC
2023-02-13,4137.2900390625,^GSPC
2023-02-14,4136.1298828125,^GSPC
2023-02-15,4147.60009765625,^GSPC
2023-02-16,4090.409912109375,^GSPC
2023-02-17,4079.090087890625,^GSPC
2023-02-21,3997.340087890625,^GSPC
2023-02-22,3991.050048828125,^GSPC
2023-02-23,4012.320068359375,^GSPC
2023-02-24,3970.0400390625,^GSPC
2023-02-27,3982.239990234375,^GSPC
2023-02-28,3970.14990234375,^GSPC
2023-03-01,3951.389892578125,^GSPC
2023-03-02,3981.35009765625,^GSPC
2023-03-03,4045.639892578125,^GSPC
2023-03-06,4048.419921875,^GSPC
2023-03-07,3986.3701171875,^GSPC
2023-03-08,3992.010009765625,^GSPC
2023-03-09,3918.320068359375,^GSPC
2023-03-10,3861.590087890625,^GSPC
2023-03-13,3855.760009765625,^GSPC
2023-03-14,3919.2900390625,^GSPC
2023-03-15,3891.929931640625,^GSPC
2023-03-16,3960.280029296875,^GSPC
2023-03-17,3916.639892578125,^GSPC
2023-03-20,3951.570068359375,^GSPC
2023-03-21,4002.8701171875,^GSPC
2023-03-22,3936.969970703125,^GSPC
2023-03-23,3948.719970703125,^GSPC
2023-03-24,3970.989990234375,^GSPC
2023-03-27,3977.530029296875,^GSPC
2023-03-28,3971.27001953125,^GSPC
2023-03-29,4027.81005859375,^GSPC
2023-03-30,4050.830078125,^GSPC
2023-03-31,4109.31005859375,^GSPC
2023-04-03,4124.509765625,^GSPC
2023-04-04,4100.60009765625,^GSPC
2023-04-05,4090.3798828125,^GSPC
2023-04-06,4105.02001953125,^GSPC
2023-04-10,4109.10986328125,^GSPC
2023-04-11,4108.93994140625,^GSPC
2023-04-12,4091.949951171875,^GSPC
2023-04-13,4146.22021484375,^GSPC
2023-04-14,4137.64013671875,^GSPC
2023-04-17,4151.31982421875,^GSPC
2023-04-18,4154.8701171875,^GSPC
2023-04-19,4154.52001953125,^GSPC
2023-04-20,4129.7900390625,^GSPC
2023-04-21,4133.52001953125,^GSPC
2023-04-24,4137.0400390625,^GSPC
2023-04-25,4071.6298828125,^GSPC
2023-04-26,4055.989990234375,^GSPC
2023-04-27,4135.35009765625,^GSPC
2023-04-28,4169.47998046875,^GSPC
2023-05-01,4167.8701171875,^GSPC
2023-05-02,4119.580078125,^GSPC
2023-05-03,4090.75,^GSPC
2023-05-04,4061.219970703125,^GSPC
2023-05-05,4136.25,^GSPC
2023-05-08,4138.1201171875,^GSPC
2023-05-09,4119.169921875,^GSPC
2023-05-10,4137.64013671875,^GSPC
2023-05-11,4130.6201171875,^GSPC
2023-05-12,4124.080078125,^GSPC
2023-05-15,4136.27978515625,^GSPC
2023-05-16,4109.89990234375,^GSPC
2023-05-17,4158.77001953125,^GSPC
2023-05-18,4198.0498046875,^GSPC
2023-05-19,4191.97998046875,^GSPC
